"","taxon","stage","length_mm","cage","location","trt","trt2","experiment","date","habitat","a","b","mg_dm","number_individuals","method","X"
"1","corixidae","Larvae",0.678,4,"above","ambient","fish","reu_2017","6/26/2017","benthic",0.0031,2.904,0.001,1,"lw_regression","Benke, A. C., Huryn, A. D., Smock, L. A., & Wallace, J. B. (1999). Length-mass relationships for freshwater macroinvertebrates in North America with particular reference to the southeastern United States. Journal of the North American Benthological Society, 18(3), 308-343."
"2","corixidae","Larvae",0.708,4,"above","ambient","fish","reu_2017","6/26/2017","benthic",0.0031,2.904,0.00114,1,"lw_regression","Benke, A. C., Huryn, A. D., Smock, L. A., & Wallace, J. B. (1999). Length-mass relationships for freshwater macroinvertebrates in North America with particular reference to the southeastern United States. Journal of the North American Benthological Society, 18(3), 308-343."
"3","corixidae","Larvae",0.737,4,"above","ambient","fish","reu_2017","6/26/2017","benthic",0.0031,2.904,0.00128,1,"lw_regression","Benke, A. C., Huryn, A. D., Smock, L. A., & Wallace, J. B. (1999). Length-mass relationships for freshwater macroinvertebrates in North America with particular reference to the southeastern United States. Journal of the North American Benthological Society, 18(3), 308-343."
"4","corixidae","Larvae",0.751,4,"above","ambient","fish","reu_2017","6/26/2017","benthic",0.0031,2.904,0.00135,1,"lw_regression","Benke, A. C., Huryn, A. D., Smock, L. A., & Wallace, J. B. (1999). Length-mass relationships for freshwater macroinvertebrates in North America with particular reference to the southeastern United States. Journal of the North American Benthological Society, 18(3), 308-343."
"5","corixidae","Larvae",0.766,4,"above","ambient","fish","reu_2017","6/26/2017","benthic",0.0031,2.904,0.00143,1,"lw_regression","Benke, A. C., Huryn, A. D., Smock, L. A., & Wallace, J. B. (1999). Length-mass relationships for freshwater macroinvertebrates in North America with particular reference to the southeastern United States. Journal of the North American Benthological Society, 18(3), 308-343."
"6","corixidae","Larvae",0.783,4,"above","ambient","fish","reu_2017","6/26/2017","benthic",0.0031,2.904,0.00152,1,"lw_regression","Benke, A. C., Huryn, A. D., Smock, L. A., & Wallace, J. B. (1999). Length-mass relationships for freshwater macroinvertebrates in North America with particular reference to the southeastern United States. Journal of the North American Benthological Society, 18(3), 308-343."
"7","corixidae","Larvae",0.796,4,"above","ambient","fish","reu_2017","6/26/2017","benthic",0.0031,2.904,0.0016,1,"lw_regression","Benke, A. C., Huryn, A. D., Smock, L. A., & Wallace, J. B. (1999). Length-mass relationships for freshwater macroinvertebrates in North America with particular reference to the southeastern United States. Journal of the North American Benthological Society, 18(3), 308-343."
"8","corixidae","Larvae",0.801,4,"above","ambient","fish","reu_2017","6/26/2017","benthic",0.0031,2.904,0.00163,1,"lw_regression","Benke, A. C., Huryn, A. D., Smock, L. A., & Wallace, J. B. (1999). Length-mass relationships for freshwater macroinvertebrates in North America with particular reference to the southeastern United States. Journal of the North American Benthological Society, 18(3), 308-343."
"9","corixidae","Larvae",0.851,4,"above","ambient","fish","reu_2017","6/26/2017","benthic",0.0031,2.904,0.00194,1,"lw_regression","Benke, A. C., Huryn, A. D., Smock, L. A., & Wallace, J. B. (1999). Length-mass relationships for freshwater macroinvertebrates in North America with particular reference to the southeastern United States. Journal of the North American Benthological Society, 18(3), 308-343."
"10","corixidae","Larvae",0.867,4,"above","ambient","fish","reu_2017","6/26/2017","benthic",0.0031,2.904,0.00205,1,"lw_regression","Benke, A. C., Huryn, A. D., Smock, L. A., & Wallace, J. B. (1999). Length-mass relationships for freshwater macroinvertebrates in North America with particular reference to the southeastern United States. Journal of the North American Benthological Society, 18(3), 308-343."
"11","corixidae","Larvae",0.882,4,"above","ambient","fish","reu_2017","6/26/2017","benthic",0.0031,2.904,0.00215,1,"lw_regression","Benke, A. C., Huryn, A. D., Smock, L. A., & Wallace, J. B. (1999). Length-mass relationships for freshwater macroinvertebrates in North America with particular reference to the southeastern United States. Journal of the North American Benthological Society, 18(3), 308-343."
"12","corixidae","Larvae",0.89,4,"above","ambient","fish","reu_2017","6/26/2017","benthic",0.0031,2.904,0.00221,1,"lw_regression","Benke, A. C., Huryn, A. D., Smock, L. A., & Wallace, J. B. (1999). Length-mass relationships for freshwater macroinvertebrates in North America with particular reference to the southeastern United States. Journal of the North American Benthological Society, 18(3), 308-343."
"13","corixidae","Larvae",0.976,4,"above","ambient","fish","reu_2017","6/26/2017","benthic",0.0031,2.904,0.00289,1,"lw_regression","Benke, A. C., Huryn, A. D., Smock, L. A., & Wallace, J. B. (1999). Length-mass relationships for freshwater macroinvertebrates in North America with particular reference to the southeastern United States. Journal of the North American Benthological Society, 18(3), 308-343."
"14","corixidae","Larvae",1.101,2,"above","cage_ctrl","fish","reu_2017","6/26/2017","benthic",0.0031,2.904,0.0041,1,"lw_regression","Benke, A. C., Huryn, A. D., Smock, L. A., & Wallace, J. B. (1999). Length-mass relationships for freshwater macroinvertebrates in North America with particular reference to the southeastern United States. Journal of the North American Benthological Society, 18(3), 308-343."
"15","corixidae","Larvae",1.115,4,"above","ambient","fish","reu_2017","6/26/2017","benthic",0.0031,2.904,0.00425,1,"lw_regression","Benke, A. C., Huryn, A. D., Smock, L. A., & Wallace, J. B. (1999). Length-mass relationships for freshwater macroinvertebrates in North America with particular reference to the southeastern United States. Journal of the North American Benthological Society, 18(3), 308-343."
"16","corixidae","Larvae",1.121,4,"above","ambient","fish","reu_2017","6/26/2017","benthic",0.0031,2.904,0.00432,1,"lw_regression","Benke, A. C., Huryn, A. D., Smock, L. A., & Wallace, J. B. (1999). Length-mass relationships for freshwater macroinvertebrates in North America with particular reference to the southeastern United States. Journal of the North American Benthological Society, 18(3), 308-343."
"17","corixidae","Larvae",1.261,4,"above","ambient","fish","reu_2017","6/26/2017","benthic",0.0031,2.904,0.00608,1,"lw_regression","Benke, A. C., Huryn, A. D., Smock, L. A., & Wallace, J. B. (1999). Length-mass relationships for freshwater macroinvertebrates in North America with particular reference to the southeastern United States. Journal of the North American Benthological Society, 18(3), 308-343."
"18","chiro_larvae","Larvae",1.601,5,"below","exc","no fish","reu_2017","6/26/2017","benthic",0.0018,2.617,0.00617,1,"lw_regression","Benke, A. C., Huryn, A. D., Smock, L. A., & Wallace, J. B. (1999). Length-mass relationships for freshwater macroinvertebrates in North America with particular reference to the southeastern United States. Journal of the North American Benthological Society, 18(3), 308-343."
"19","corixidae","Larvae",1.284,4,"above","ambient","fish","reu_2017","6/26/2017","benthic",0.0031,2.904,0.00641,1,"lw_regression","Benke, A. C., Huryn, A. D., Smock, L. A., & Wallace, J. B. (1999). Length-mass relationships for freshwater macroinvertebrates in North America with particular reference to the southeastern United States. Journal of the North American Benthological Society, 18(3), 308-343."
"20","corixidae","Larvae",1.296,4,"above","ambient","fish","reu_2017","6/26/2017","benthic",0.0031,2.904,0.00658,1,"lw_regression","Benke, A. C., Huryn, A. D., Smock, L. A., & Wallace, J. B. (1999). Length-mass relationships for freshwater macroinvertebrates in North America with particular reference to the southeastern United States. Journal of the North American Benthological Society, 18(3), 308-343."
"21","corixidae","Larvae",1.298,4,"above","ambient","fish","reu_2017","6/26/2017","benthic",0.0031,2.904,0.00661,1,"lw_regression","Benke, A. C., Huryn, A. D., Smock, L. A., & Wallace, J. B. (1999). Length-mass relationships for freshwater macroinvertebrates in North America with particular reference to the southeastern United States. Journal of the North American Benthological Society, 18(3), 308-343."
"22","corixidae","Larvae",1.308,4,"above","ambient","fish","reu_2017","6/26/2017","benthic",0.0031,2.904,0.00676,1,"lw_regression","Benke, A. C., Huryn, A. D., Smock, L. A., & Wallace, J. B. (1999). Length-mass relationships for freshwater macroinvertebrates in North America with particular reference to the southeastern United States. Journal of the North American Benthological Society, 18(3), 308-343."
"23","corixidae","Larvae",1.334,4,"above","ambient","fish","reu_2017","6/26/2017","benthic",0.0031,2.904,0.00716,1,"lw_regression","Benke, A. C., Huryn, A. D., Smock, L. A., & Wallace, J. B. (1999). Length-mass relationships for freshwater macroinvertebrates in North America with particular reference to the southeastern United States. Journal of the North American Benthological Society, 18(3), 308-343."
"24","corixidae","Larvae",1.348,4,"above","ambient","fish","reu_2017","6/26/2017","benthic",0.0031,2.904,0.00738,1,"lw_regression","Benke, A. C., Huryn, A. D., Smock, L. A., & Wallace, J. B. (1999). Length-mass relationships for freshwater macroinvertebrates in North America with particular reference to the southeastern United States. Journal of the North American Benthological Society, 18(3), 308-343."
"25","corixidae","Larvae",1.36,4,"above","ambient","fish","reu_2017","6/26/2017","benthic",0.0031,2.904,0.00757,1,"lw_regression","Benke, A. C., Huryn, A. D., Smock, L. A., & Wallace, J. B. (1999). Length-mass relationships for freshwater macroinvertebrates in North America with particular reference to the southeastern United States. Journal of the North American Benthological Society, 18(3), 308-343."
"26","corixidae","Larvae",1.36,4,"above","ambient","fish","reu_2017","6/26/2017","benthic",0.0031,2.904,0.00757,1,"lw_regression","Benke, A. C., Huryn, A. D., Smock, L. A., & Wallace, J. B. (1999). Length-mass relationships for freshwater macroinvertebrates in North America with particular reference to the southeastern United States. Journal of the North American Benthological Society, 18(3), 308-343."
"27","corixidae","Larvae",1.376,4,"above","ambient","fish","reu_2017","6/26/2017","benthic",0.0031,2.904,0.00783,1,"lw_regression","Benke, A. C., Huryn, A. D., Smock, L. A., & Wallace, J. B. (1999). Length-mass relationships for freshwater macroinvertebrates in North America with particular reference to the southeastern United States. Journal of the North American Benthological Society, 18(3), 308-343."
"28","corixidae","Larvae",1.388,4,"above","ambient","fish","reu_2017","6/26/2017","benthic",0.0031,2.904,0.00803,1,"lw_regression","Benke, A. C., Huryn, A. D., Smock, L. A., & Wallace, J. B. (1999). Length-mass relationships for freshwater macroinvertebrates in North America with particular reference to the southeastern United States. Journal of the North American Benthological Society, 18(3), 308-343."
"29","corixidae","Larvae",1.48,4,"above","ambient","fish","reu_2017","6/26/2017","benthic",0.0031,2.904,0.00968,1,"lw_regression","Benke, A. C., Huryn, A. D., Smock, L. A., & Wallace, J. B. (1999). Length-mass relationships for freshwater macroinvertebrates in North America with particular reference to the southeastern United States. Journal of the North American Benthological Society, 18(3), 308-343."
"30","chiro_larvae","Larvae",2.07,4,"above","ambient","fish","reu_2017","6/26/2017","benthic",0.0018,2.617,0.01208,1,"lw_regression","Benke, A. C., Huryn, A. D., Smock, L. A., & Wallace, J. B. (1999). Length-mass relationships for freshwater macroinvertebrates in North America with particular reference to the southeastern United States. Journal of the North American Benthological Society, 18(3), 308-343."
"31","corixidae","Larvae",1.75,4,"above","ambient","fish","reu_2017","6/26/2017","benthic",0.0031,2.904,0.01575,1,"lw_regression","Benke, A. C., Huryn, A. D., Smock, L. A., & Wallace, J. B. (1999). Length-mass relationships for freshwater macroinvertebrates in North America with particular reference to the southeastern United States. Journal of the North American Benthological Society, 18(3), 308-343."
"32","chiro_larvae","Larvae",2.518,2,"above","cage_ctrl","fish","reu_2017","6/26/2017","benthic",0.0018,2.617,0.02018,1,"lw_regression","Benke, A. C., Huryn, A. D., Smock, L. A., & Wallace, J. B. (1999). Length-mass relationships for freshwater macroinvertebrates in North America with particular reference to the southeastern United States. Journal of the North American Benthological Society, 18(3), 308-343."
"33","chiro_larvae","Larvae",2.609,5,"below","exc","no fish","reu_2017","6/26/2017","benthic",0.0018,2.617,0.02214,1,"lw_regression","Benke, A. C., Huryn, A. D., Smock, L. A., & Wallace, J. B. (1999). Length-mass relationships for freshwater macroinvertebrates in North America with particular reference to the southeastern United States. Journal of the North American Benthological Society, 18(3), 308-343."
"34","corixidae","Larvae",1.99,4,"above","ambient","fish","reu_2017","6/26/2017","benthic",0.0031,2.904,0.02287,1,"lw_regression","Benke, A. C., Huryn, A. D., Smock, L. A., & Wallace, J. B. (1999). Length-mass relationships for freshwater macroinvertebrates in North America with particular reference to the southeastern United States. Journal of the North American Benthological Society, 18(3), 308-343."
"35","corixidae","Larvae",2.094,4,"above","ambient","fish","reu_2017","6/26/2017","benthic",0.0031,2.904,0.02651,1,"lw_regression","Benke, A. C., Huryn, A. D., Smock, L. A., & Wallace, J. B. (1999). Length-mass relationships for freshwater macroinvertebrates in North America with particular reference to the southeastern United States. Journal of the North American Benthological Society, 18(3), 308-343."
"36","chiro_larvae","Larvae",3.22,5,"below","exc","no fish","reu_2017","6/26/2017","benthic",0.0018,2.617,0.0384,1,"lw_regression","Benke, A. C., Huryn, A. D., Smock, L. A., & Wallace, J. B. (1999). Length-mass relationships for freshwater macroinvertebrates in North America with particular reference to the southeastern United States. Journal of the North American Benthological Society, 18(3), 308-343."
"37","chiro_larvae","Larvae",3.344,10,"above","ambient","fish","reu_2017","6/26/2017","benthic",0.0018,2.617,0.04239,1,"lw_regression","Benke, A. C., Huryn, A. D., Smock, L. A., & Wallace, J. B. (1999). Length-mass relationships for freshwater macroinvertebrates in North America with particular reference to the southeastern United States. Journal of the North American Benthological Society, 18(3), 308-343."
"38","chiro_larvae","Larvae",3.511,5,"below","exc","no fish","reu_2017","6/26/2017","benthic",0.0018,2.617,0.04816,1,"lw_regression","Benke, A. C., Huryn, A. D., Smock, L. A., & Wallace, J. B. (1999). Length-mass relationships for freshwater macroinvertebrates in North America with particular reference to the southeastern United States. Journal of the North American Benthological Society, 18(3), 308-343."
"39","chiro_larvae","Larvae",3.819,5,"below","exc","no fish","reu_2017","6/26/2017","benthic",0.0018,2.617,0.06001,1,"lw_regression","Benke, A. C., Huryn, A. D., Smock, L. A., & Wallace, J. B. (1999). Length-mass relationships for freshwater macroinvertebrates in North America with particular reference to the southeastern United States. Journal of the North American Benthological Society, 18(3), 308-343."
"40","chiro_larvae","Larvae",3.868,4,"above","ambient","fish","reu_2017","6/26/2017","benthic",0.0018,2.617,0.06205,1,"lw_regression","Benke, A. C., Huryn, A. D., Smock, L. A., & Wallace, J. B. (1999). Length-mass relationships for freshwater macroinvertebrates in North America with particular reference to the southeastern United States. Journal of the North American Benthological Society, 18(3), 308-343."
"41","chiro_larvae","Larvae",3.876,6,"above","exc","no fish","reu_2017","6/26/2017","benthic",0.0018,2.617,0.06238,1,"lw_regression","Benke, A. C., Huryn, A. D., Smock, L. A., & Wallace, J. B. (1999). Length-mass relationships for freshwater macroinvertebrates in North America with particular reference to the southeastern United States. Journal of the North American Benthological Society, 18(3), 308-343."
"42","corixidae","Larvae",2.84,4,"above","ambient","fish","reu_2017","6/26/2017","benthic",0.0031,2.904,0.06424,1,"lw_regression","Benke, A. C., Huryn, A. D., Smock, L. A., & Wallace, J. B. (1999). Length-mass relationships for freshwater macroinvertebrates in North America with particular reference to the southeastern United States. Journal of the North American Benthological Society, 18(3), 308-343."
"43","ceratopogonidae","Larvae",3.731,3,"above","exc","no fish","reu_2017","6/26/2017","benthic",0.0025,2.469,0.06453,1,"lw_regression","Benke, A. C., Huryn, A. D., Smock, L. A., & Wallace, J. B. (1999). Length-mass relationships for freshwater macroinvertebrates in North America with particular reference to the southeastern United States. Journal of the North American Benthological Society, 18(3), 308-343."
"44","chiro_larvae","Larvae",4.332,3,"above","exc","no fish","reu_2017","6/26/2017","benthic",0.0018,2.617,0.08346,1,"lw_regression","Benke, A. C., Huryn, A. D., Smock, L. A., & Wallace, J. B. (1999). Length-mass relationships for freshwater macroinvertebrates in North America with particular reference to the southeastern United States. Journal of the North American Benthological Society, 18(3), 308-343."
"45","chiro_larvae","Larvae",4.346,4,"above","ambient","fish","reu_2017","6/26/2017","benthic",0.0018,2.617,0.08417,1,"lw_regression","Benke, A. C., Huryn, A. D., Smock, L. A., & Wallace, J. B. (1999). Length-mass relationships for freshwater macroinvertebrates in North America with particular reference to the southeastern United States. Journal of the North American Benthological Society, 18(3), 308-343."
"46","chiro_larvae","Larvae",4.513,6,"above","exc","no fish","reu_2017","6/26/2017","benthic",0.0018,2.617,0.0929,1,"lw_regression","Benke, A. C., Huryn, A. D., Smock, L. A., & Wallace, J. B. (1999). Length-mass relationships for freshwater macroinvertebrates in North America with particular reference to the southeastern United States. Journal of the North American Benthological Society, 18(3), 308-343."
"47","chiro_larvae","Larvae",4.935,10,"above","ambient","fish","reu_2017","6/26/2017","benthic",0.0018,2.617,0.11738,1,"lw_regression","Benke, A. C., Huryn, A. D., Smock, L. A., & Wallace, J. B. (1999). Length-mass relationships for freshwater macroinvertebrates in North America with particular reference to the southeastern United States. Journal of the North American Benthological Society, 18(3), 308-343."
"48","chiro_larvae","Larvae",5.232,2,"above","cage_ctrl","fish","reu_2017","6/26/2017","benthic",0.0018,2.617,0.13678,1,"lw_regression","Benke, A. C., Huryn, A. D., Smock, L. A., & Wallace, J. B. (1999). Length-mass relationships for freshwater macroinvertebrates in North America with particular reference to the southeastern United States. Journal of the North American Benthological Society, 18(3), 308-343."
"49","chiro_larvae","Larvae",5.566,6,"below","ambient","fish","reu_2017","6/26/2017","benthic",0.0018,2.617,0.16083,1,"lw_regression","Benke, A. C., Huryn, A. D., Smock, L. A., & Wallace, J. B. (1999). Length-mass relationships for freshwater macroinvertebrates in North America with particular reference to the southeastern United States. Journal of the North American Benthological Society, 18(3), 308-343."
"50","chiro_larvae","Larvae",5.824,3,"above","exc","no fish","reu_2017","6/26/2017","benthic",0.0018,2.617,0.18107,1,"lw_regression","Benke, A. C., Huryn, A. D., Smock, L. A., & Wallace, J. B. (1999). Length-mass relationships for freshwater macroinvertebrates in North America with particular reference to the southeastern United States. Journal of the North American Benthological Society, 18(3), 308-343."
"51","chiro_larvae","Larvae",5.954,5,"below","exc","no fish","reu_2017","6/26/2017","benthic",0.0018,2.617,0.19184,1,"lw_regression","Benke, A. C., Huryn, A. D., Smock, L. A., & Wallace, J. B. (1999). Length-mass relationships for freshwater macroinvertebrates in North America with particular reference to the southeastern United States. Journal of the North American Benthological Society, 18(3), 308-343."
"52","chiro_larvae","Larvae",6.224,2,"above","cage_ctrl","fish","reu_2017","6/26/2017","benthic",0.0018,2.617,0.21545,1,"lw_regression","Benke, A. C., Huryn, A. D., Smock, L. A., & Wallace, J. B. (1999). Length-mass relationships for freshwater macroinvertebrates in North America with particular reference to the southeastern United States. Journal of the North American Benthological Society, 18(3), 308-343."
"53","chiro_larvae","Larvae",7.409,3,"above","exc","no fish","reu_2017","6/26/2017","benthic",0.0018,2.617,0.33996,1,"lw_regression","Benke, A. C., Huryn, A. D., Smock, L. A., & Wallace, J. B. (1999). Length-mass relationships for freshwater macroinvertebrates in North America with particular reference to the southeastern United States. Journal of the North American Benthological Society, 18(3), 308-343."
"54","chiro_larvae","Larvae",7.556,4,"above","ambient","fish","reu_2017","6/26/2017","benthic",0.0018,2.617,0.3579,1,"lw_regression","Benke, A. C., Huryn, A. D., Smock, L. A., & Wallace, J. B. (1999). Length-mass relationships for freshwater macroinvertebrates in North America with particular reference to the southeastern United States. Journal of the North American Benthological Society, 18(3), 308-343."
"55","chiro_larvae","Larvae",8.032,3,"above","exc","no fish","reu_2017","6/26/2017","benthic",0.0018,2.617,0.41995,1,"lw_regression","Benke, A. C., Huryn, A. D., Smock, L. A., & Wallace, J. B. (1999). Length-mass relationships for freshwater macroinvertebrates in North America with particular reference to the southeastern United States. Journal of the North American Benthological Society, 18(3), 308-343."
"56","chiro_larvae","Larvae",8.045,6,"above","exc","no fish","reu_2017","6/26/2017","benthic",0.0018,2.617,0.42173,1,"lw_regression","Benke, A. C., Huryn, A. D., Smock, L. A., & Wallace, J. B. (1999). Length-mass relationships for freshwater macroinvertebrates in North America with particular reference to the southeastern United States. Journal of the North American Benthological Society, 18(3), 308-343."
"57","chiro_larvae","Larvae",8.375,3,"above","exc","no fish","reu_2017","6/26/2017","benthic",0.0018,2.617,0.46852,1,"lw_regression","Benke, A. C., Huryn, A. D., Smock, L. A., & Wallace, J. B. (1999). Length-mass relationships for freshwater macroinvertebrates in North America with particular reference to the southeastern United States. Journal of the North American Benthological Society, 18(3), 308-343."
"58","chiro_larvae","Larvae",8.873,6,"above","exc","no fish","reu_2017","6/26/2017","benthic",0.0018,2.617,0.54497,1,"lw_regression","Benke, A. C., Huryn, A. D., Smock, L. A., & Wallace, J. B. (1999). Length-mass relationships for freshwater macroinvertebrates in North America with particular reference to the southeastern United States. Journal of the North American Benthological Society, 18(3), 308-343."
"59","chiro_larvae","Larvae",8.885,2,"above","cage_ctrl","fish","reu_2017","6/26/2017","benthic",0.0018,2.617,0.5469,1,"lw_regression","Benke, A. C., Huryn, A. D., Smock, L. A., & Wallace, J. B. (1999). Length-mass relationships for freshwater macroinvertebrates in North America with particular reference to the southeastern United States. Journal of the North American Benthological Society, 18(3), 308-343."
"60","chiro_larvae","Larvae",9.045,3,"above","exc","no fish","reu_2017","6/26/2017","benthic",0.0018,2.617,0.57305,1,"lw_regression","Benke, A. C., Huryn, A. D., Smock, L. A., & Wallace, J. B. (1999). Length-mass relationships for freshwater macroinvertebrates in North America with particular reference to the southeastern United States. Journal of the North American Benthological Society, 18(3), 308-343."
"61","chiro_larvae","Larvae",9.103,3,"above","exc","no fish","reu_2017","6/26/2017","benthic",0.0018,2.617,0.58272,1,"lw_regression","Benke, A. C., Huryn, A. D., Smock, L. A., & Wallace, J. B. (1999). Length-mass relationships for freshwater macroinvertebrates in North America with particular reference to the southeastern United States. Journal of the North American Benthological Society, 18(3), 308-343."
"62","chiro_larvae","Larvae",9.162,6,"below","ambient","fish","reu_2017","6/26/2017","benthic",0.0018,2.617,0.59265,1,"lw_regression","Benke, A. C., Huryn, A. D., Smock, L. A., & Wallace, J. B. (1999). Length-mass relationships for freshwater macroinvertebrates in North America with particular reference to the southeastern United States. Journal of the North American Benthological Society, 18(3), 308-343."
"63","chiro_larvae","Larvae",9.201,4,"above","ambient","fish","reu_2017","6/26/2017","benthic",0.0018,2.617,0.59928,1,"lw_regression","Benke, A. C., Huryn, A. D., Smock, L. A., & Wallace, J. B. (1999). Length-mass relationships for freshwater macroinvertebrates in North America with particular reference to the southeastern United States. Journal of the North American Benthological Society, 18(3), 308-343."
"64","chiro_larvae","Larvae",9.255,4,"above","ambient","fish","reu_2017","6/26/2017","benthic",0.0018,2.617,0.60853,1,"lw_regression","Benke, A. C., Huryn, A. D., Smock, L. A., & Wallace, J. B. (1999). Length-mass relationships for freshwater macroinvertebrates in North America with particular reference to the southeastern United States. Journal of the North American Benthological Society, 18(3), 308-343."
"65","chiro_larvae","Larvae",9.514,4,"above","ambient","fish","reu_2017","6/26/2017","benthic",0.0018,2.617,0.65411,1,"lw_regression","Benke, A. C., Huryn, A. D., Smock, L. A., & Wallace, J. B. (1999). Length-mass relationships for freshwater macroinvertebrates in North America with particular reference to the southeastern United States. Journal of the North American Benthological Society, 18(3), 308-343."
"66","chiro_larvae","Larvae",9.641,4,"above","ambient","fish","reu_2017","6/26/2017","benthic",0.0018,2.617,0.6772,1,"lw_regression","Benke, A. C., Huryn, A. D., Smock, L. A., & Wallace, J. B. (1999). Length-mass relationships for freshwater macroinvertebrates in North America with particular reference to the southeastern United States. Journal of the North American Benthological Society, 18(3), 308-343."
"67","chiro_larvae","Larvae",9.748,6,"below","ambient","fish","reu_2017","6/26/2017","benthic",0.0018,2.617,0.69705,1,"lw_regression","Benke, A. C., Huryn, A. D., Smock, L. A., & Wallace, J. B. (1999). Length-mass relationships for freshwater macroinvertebrates in North America with particular reference to the southeastern United States. Journal of the North American Benthological Society, 18(3), 308-343."
"68","chiro_larvae","Larvae",10.521,6,"above","exc","no fish","reu_2017","6/26/2017","benthic",0.0018,2.617,0.85113,1,"lw_regression","Benke, A. C., Huryn, A. D., Smock, L. A., & Wallace, J. B. (1999). Length-mass relationships for freshwater macroinvertebrates in North America with particular reference to the southeastern United States. Journal of the North American Benthological Society, 18(3), 308-343."
"69","chiro_larvae","Larvae",11.245,4,"above","ambient","fish","reu_2017","6/26/2017","benthic",0.0018,2.617,1.01306,1,"lw_regression","Benke, A. C., Huryn, A. D., Smock, L. A., & Wallace, J. B. (1999). Length-mass relationships for freshwater macroinvertebrates in North America with particular reference to the southeastern United States. Journal of the North American Benthological Society, 18(3), 308-343."
"70","chiro_larvae","Larvae",11.626,6,"below","ambient","fish","reu_2017","6/26/2017","benthic",0.0018,2.617,1.10536,1,"lw_regression","Benke, A. C., Huryn, A. D., Smock, L. A., & Wallace, J. B. (1999). Length-mass relationships for freshwater macroinvertebrates in North America with particular reference to the southeastern United States. Journal of the North American Benthological Society, 18(3), 308-343."
"71","chiro_larvae","Larvae",11.659,3,"above","exc","no fish","reu_2017","6/26/2017","benthic",0.0018,2.617,1.11359,1,"lw_regression","Benke, A. C., Huryn, A. D., Smock, L. A., & Wallace, J. B. (1999). Length-mass relationships for freshwater macroinvertebrates in North America with particular reference to the southeastern United States. Journal of the North American Benthological Society, 18(3), 308-343."
"72","chiro_larvae","Larvae",11.828,6,"above","exc","no fish","reu_2017","6/26/2017","benthic",0.0018,2.617,1.15633,1,"lw_regression","Benke, A. C., Huryn, A. D., Smock, L. A., & Wallace, J. B. (1999). Length-mass relationships for freshwater macroinvertebrates in North America with particular reference to the southeastern United States. Journal of the North American Benthological Society, 18(3), 308-343."
"73","chiro_larvae","Larvae",12.377,3,"above","exc","no fish","reu_2017","6/26/2017","benthic",0.0018,2.617,1.30211,1,"lw_regression","Benke, A. C., Huryn, A. D., Smock, L. A., & Wallace, J. B. (1999). Length-mass relationships for freshwater macroinvertebrates in North America with particular reference to the southeastern United States. Journal of the North American Benthological Society, 18(3), 308-343."
"74","chiro_larvae","Larvae",12.591,2,"above","cage_ctrl","fish","reu_2017","6/26/2017","benthic",0.0018,2.617,1.36185,1,"lw_regression","Benke, A. C., Huryn, A. D., Smock, L. A., & Wallace, J. B. (1999). Length-mass relationships for freshwater macroinvertebrates in North America with particular reference to the southeastern United States. Journal of the North American Benthological Society, 18(3), 308-343."
"75","chiro_larvae","Larvae",12.681,6,"below","ambient","fish","reu_2017","6/26/2017","benthic",0.0018,2.617,1.38748,1,"lw_regression","Benke, A. C., Huryn, A. D., Smock, L. A., & Wallace, J. B. (1999). Length-mass relationships for freshwater macroinvertebrates in North America with particular reference to the southeastern United States. Journal of the North American Benthological Society, 18(3), 308-343."
"76","chiro_larvae","Larvae",12.998,6,"below","ambient","fish","reu_2017","6/26/2017","benthic",0.0018,2.617,1.48009,1,"lw_regression","Benke, A. C., Huryn, A. D., Smock, L. A., & Wallace, J. B. (1999). Length-mass relationships for freshwater macroinvertebrates in North America with particular reference to the southeastern United States. Journal of the North American Benthological Society, 18(3), 308-343."
"77","chiro_larvae","Larvae",13.285,3,"above","exc","no fish","reu_2017","6/26/2017","benthic",0.0018,2.617,1.56715,1,"lw_regression","Benke, A. C., Huryn, A. D., Smock, L. A., & Wallace, J. B. (1999). Length-mass relationships for freshwater macroinvertebrates in North America with particular reference to the southeastern United States. Journal of the North American Benthological Society, 18(3), 308-343."
"78","chiro_larvae","Larvae",13.464,3,"above","exc","no fish","reu_2017","6/26/2017","benthic",0.0018,2.617,1.62301,1,"lw_regression","Benke, A. C., Huryn, A. D., Smock, L. A., & Wallace, J. B. (1999). Length-mass relationships for freshwater macroinvertebrates in North America with particular reference to the southeastern United States. Journal of the North American Benthological Society, 18(3), 308-343."
"79","chiro_larvae","Larvae",13.465,2,"above","cage_ctrl","fish","reu_2017","6/26/2017","benthic",0.0018,2.617,1.62333,1,"lw_regression","Benke, A. C., Huryn, A. D., Smock, L. A., & Wallace, J. B. (1999). Length-mass relationships for freshwater macroinvertebrates in North America with particular reference to the southeastern United States. Journal of the North American Benthological Society, 18(3), 308-343."
"80","chiro_larvae","Larvae",13.682,6,"below","ambient","fish","reu_2017","6/26/2017","benthic",0.0018,2.617,1.69268,1,"lw_regression","Benke, A. C., Huryn, A. D., Smock, L. A., & Wallace, J. B. (1999). Length-mass relationships for freshwater macroinvertebrates in North America with particular reference to the southeastern United States. Journal of the North American Benthological Society, 18(3), 308-343."
"81","chiro_larvae","Larvae",13.713,6,"above","exc","no fish","reu_2017","6/26/2017","benthic",0.0018,2.617,1.70274,1,"lw_regression","Benke, A. C., Huryn, A. D., Smock, L. A., & Wallace, J. B. (1999). Length-mass relationships for freshwater macroinvertebrates in North America with particular reference to the southeastern United States. Journal of the North American Benthological Society, 18(3), 308-343."
"82","chiro_larvae","Larvae",13.826,4,"above","ambient","fish","reu_2017","6/26/2017","benthic",0.0018,2.617,1.7397,1,"lw_regression","Benke, A. C., Huryn, A. D., Smock, L. A., & Wallace, J. B. (1999). Length-mass relationships for freshwater macroinvertebrates in North America with particular reference to the southeastern United States. Journal of the North American Benthological Society, 18(3), 308-343."
"83","chiro_larvae","Larvae",13.987,4,"above","ambient","fish","reu_2017","6/26/2017","benthic",0.0018,2.617,1.79322,1,"lw_regression","Benke, A. C., Huryn, A. D., Smock, L. A., & Wallace, J. B. (1999). Length-mass relationships for freshwater macroinvertebrates in North America with particular reference to the southeastern United States. Journal of the North American Benthological Society, 18(3), 308-343."
"84","chiro_larvae","Larvae",14.004,6,"above","exc","no fish","reu_2017","6/26/2017","benthic",0.0018,2.617,1.79893,1,"lw_regression","Benke, A. C., Huryn, A. D., Smock, L. A., & Wallace, J. B. (1999). Length-mass relationships for freshwater macroinvertebrates in North America with particular reference to the southeastern United States. Journal of the North American Benthological Society, 18(3), 308-343."
"85","chiro_larvae","Larvae",14.263,6,"above","exc","no fish","reu_2017","6/26/2017","benthic",0.0018,2.617,1.88731,1,"lw_regression","Benke, A. C., Huryn, A. D., Smock, L. A., & Wallace, J. B. (1999). Length-mass relationships for freshwater macroinvertebrates in North America with particular reference to the southeastern United States. Journal of the North American Benthological Society, 18(3), 308-343."
"86","chiro_larvae","Larvae",14.409,6,"below","ambient","fish","reu_2017","6/26/2017","benthic",0.0018,2.617,1.93828,1,"lw_regression","Benke, A. C., Huryn, A. D., Smock, L. A., & Wallace, J. B. (1999). Length-mass relationships for freshwater macroinvertebrates in North America with particular reference to the southeastern United States. Journal of the North American Benthological Society, 18(3), 308-343."
"87","chiro_larvae","Larvae",14.984,2,"above","cage_ctrl","fish","reu_2017","6/26/2017","benthic",0.0018,2.617,2.14729,1,"lw_regression","Benke, A. C., Huryn, A. D., Smock, L. A., & Wallace, J. B. (1999). Length-mass relationships for freshwater macroinvertebrates in North America with particular reference to the southeastern United States. Journal of the North American Benthological Society, 18(3), 308-343."
"88","chiro_larvae","Larvae",14.986,4,"above","ambient","fish","reu_2017","6/26/2017","benthic",0.0018,2.617,2.14804,1,"lw_regression","Benke, A. C., Huryn, A. D., Smock, L. A., & Wallace, J. B. (1999). Length-mass relationships for freshwater macroinvertebrates in North America with particular reference to the southeastern United States. Journal of the North American Benthological Society, 18(3), 308-343."
"89","chiro_larvae","Larvae",15.049,3,"above","exc","no fish","reu_2017","6/26/2017","benthic",0.0018,2.617,2.17175,1,"lw_regression","Benke, A. C., Huryn, A. D., Smock, L. A., & Wallace, J. B. (1999). Length-mass relationships for freshwater macroinvertebrates in North America with particular reference to the southeastern United States. Journal of the North American Benthological Society, 18(3), 308-343."
"90","chiro_larvae","Larvae",15.098,4,"above","ambient","fish","reu_2017","6/26/2017","benthic",0.0018,2.617,2.19031,1,"lw_regression","Benke, A. C., Huryn, A. D., Smock, L. A., & Wallace, J. B. (1999). Length-mass relationships for freshwater macroinvertebrates in North America with particular reference to the southeastern United States. Journal of the North American Benthological Society, 18(3), 308-343."
"91","chiro_larvae","Larvae",15.122,6,"above","exc","no fish","reu_2017","6/26/2017","benthic",0.0018,2.617,2.19943,1,"lw_regression","Benke, A. C., Huryn, A. D., Smock, L. A., & Wallace, J. B. (1999). Length-mass relationships for freshwater macroinvertebrates in North America with particular reference to the southeastern United States. Journal of the North American Benthological Society, 18(3), 308-343."
"92","chiro_larvae","Larvae",15.916,6,"below","ambient","fish","reu_2017","6/26/2017","benthic",0.0018,2.617,2.51462,1,"lw_regression","Benke, A. C., Huryn, A. D., Smock, L. A., & Wallace, J. B. (1999). Length-mass relationships for freshwater macroinvertebrates in North America with particular reference to the southeastern United States. Journal of the North American Benthological Society, 18(3), 308-343."
"93","chiro_larvae","Larvae",15.92,4,"above","ambient","fish","reu_2017","6/26/2017","benthic",0.0018,2.617,2.51627,1,"lw_regression","Benke, A. C., Huryn, A. D., Smock, L. A., & Wallace, J. B. (1999). Length-mass relationships for freshwater macroinvertebrates in North America with particular reference to the southeastern United States. Journal of the North American Benthological Society, 18(3), 308-343."
"94","chiro_larvae","Larvae",16.016,2,"above","cage_ctrl","fish","reu_2017","6/26/2017","benthic",0.0018,2.617,2.55617,1,"lw_regression","Benke, A. C., Huryn, A. D., Smock, L. A., & Wallace, J. B. (1999). Length-mass relationships for freshwater macroinvertebrates in North America with particular reference to the southeastern United States. Journal of the North American Benthological Society, 18(3), 308-343."
"95","chiro_larvae","Larvae",16.518,6,"above","exc","no fish","reu_2017","6/26/2017","benthic",0.0018,2.617,2.7712,1,"lw_regression","Benke, A. C., Huryn, A. D., Smock, L. A., & Wallace, J. B. (1999). Length-mass relationships for freshwater macroinvertebrates in North America with particular reference to the southeastern United States. Journal of the North American Benthological Society, 18(3), 308-343."
"96","chiro_larvae","Larvae",17.061,6,"below","ambient","fish","reu_2017","6/26/2017","benthic",0.0018,2.617,3.01598,1,"lw_regression","Benke, A. C., Huryn, A. D., Smock, L. A., & Wallace, J. B. (1999). Length-mass relationships for freshwater macroinvertebrates in North America with particular reference to the southeastern United States. Journal of the North American Benthological Society, 18(3), 308-343."
"97","chiro_larvae","Larvae",17.659,4,"above","ambient","fish","reu_2017","6/26/2017","benthic",0.0018,2.617,3.30052,1,"lw_regression","Benke, A. C., Huryn, A. D., Smock, L. A., & Wallace, J. B. (1999). Length-mass relationships for freshwater macroinvertebrates in North America with particular reference to the southeastern United States. Journal of the North American Benthological Society, 18(3), 308-343."
"98","chiro_pupae","Pupae",8.187,4,"above","ambient","fish","reu_2017","6/26/2017","benthic",0.0018,2.617,0.44149,1,"lw_regression","Benke, A. C., Huryn, A. D., Smock, L. A., & Wallace, J. B. (1999). Length-mass relationships for freshwater macroinvertebrates in North America with particular reference to the southeastern United States. Journal of the North American Benthological Society, 18(3), 308-343."
"99","chiro_pupae","Pupae",11.559,4,"above","ambient","fish","reu_2017","6/27/2017","benthic",0.0018,2.617,1.08877,1,"lw_regression","Benke, A. C., Huryn, A. D., Smock, L. A., & Wallace, J. B. (1999). Length-mass relationships for freshwater macroinvertebrates in North America with particular reference to the southeastern United States. Journal of the North American Benthological Society, 18(3), 308-343."
"100","chiro_pupae","Pupae",8.901,4,"above","ambient","fish","reu_2017","6/28/2017","benthic",0.0018,2.617,0.54948,1,"lw_regression","Benke, A. C., Huryn, A. D., Smock, L. A., & Wallace, J. B. (1999). Length-mass relationships for freshwater macroinvertebrates in North America with particular reference to the southeastern United States. Journal of the North American Benthological Society, 18(3), 308-343."
"101","chiro_pupae","Pupae",7.817,4,"above","ambient","fish","reu_2017","6/29/2017","benthic",0.0018,2.617,0.39116,1,"lw_regression","Benke, A. C., Huryn, A. D., Smock, L. A., & Wallace, J. B. (1999). Length-mass relationships for freshwater macroinvertebrates in North America with particular reference to the southeastern United States. Journal of the North American Benthological Society, 18(3), 308-343."
"102","chiro_pupae","Pupae",7.765,4,"above","ambient","fish","reu_2017","6/30/2017","benthic",0.0018,2.617,0.38439,1,"lw_regression","Benke, A. C., Huryn, A. D., Smock, L. A., & Wallace, J. B. (1999). Length-mass relationships for freshwater macroinvertebrates in North America with particular reference to the southeastern United States. Journal of the North American Benthological Society, 18(3), 308-343."
"103","chiro_pupae","Pupae",11.207,4,"above","ambient","fish","reu_2017","7/1/2017","benthic",0.0018,2.617,1.00412,1,"lw_regression","Benke, A. C., Huryn, A. D., Smock, L. A., & Wallace, J. B. (1999). Length-mass relationships for freshwater macroinvertebrates in North America with particular reference to the southeastern United States. Journal of the North American Benthological Society, 18(3), 308-343."
"104","chiro_pupae","Pupae",10.074,2,"above","cage_ctrl","fish","reu_2017","7/2/2017","benthic",0.0018,2.617,0.75972,1,"lw_regression","Benke, A. C., Huryn, A. D., Smock, L. A., & Wallace, J. B. (1999). Length-mass relationships for freshwater macroinvertebrates in North America with particular reference to the southeastern United States. Journal of the North American Benthological Society, 18(3), 308-343."
"105","chiro_pupae","Pupae",9.916,2,"above","cage_ctrl","fish","reu_2017","7/3/2017","benthic",0.0018,2.617,0.72893,1,"lw_regression","Benke, A. C., Huryn, A. D., Smock, L. A., & Wallace, J. B. (1999). Length-mass relationships for freshwater macroinvertebrates in North America with particular reference to the southeastern United States. Journal of the North American Benthological Society, 18(3), 308-343."
"106","chiro_pupae","Pupae",8.34,2,"above","cage_ctrl","fish","reu_2017","7/4/2017","benthic",0.0018,2.617,0.46341,1,"lw_regression","Benke, A. C., Huryn, A. D., Smock, L. A., & Wallace, J. B. (1999). Length-mass relationships for freshwater macroinvertebrates in North America with particular reference to the southeastern United States. Journal of the North American Benthological Society, 18(3), 308-343."
"107","chiro_pupae","Pupae",8.173,2,"above","cage_ctrl","fish","reu_2017","7/5/2017","benthic",0.0018,2.617,0.43952,1,"lw_regression","Benke, A. C., Huryn, A. D., Smock, L. A., & Wallace, J. B. (1999). Length-mass relationships for freshwater macroinvertebrates in North America with particular reference to the southeastern United States. Journal of the North American Benthological Society, 18(3), 308-343."
"108","chiro_pupae","Pupae",14.776,7,"below","exc","fish","reu_2017","7/5/2017","benthic",0.0018,2.617,2.07016,1,"lw_regression","Benke, A. C., Huryn, A. D., Smock, L. A., & Wallace, J. B. (1999). Length-mass relationships for freshwater macroinvertebrates in North America with particular reference to the southeastern United States. Journal of the North American Benthological Society, 18(3), 308-343."
"109","chiro_pupae","Pupae",10.365,7,"below","exc","fish","reu_2017","7/5/2017","benthic",0.0018,2.617,0.8185,1,"lw_regression","Benke, A. C., Huryn, A. D., Smock, L. A., & Wallace, J. B. (1999). Length-mass relationships for freshwater macroinvertebrates in North America with particular reference to the southeastern United States. Journal of the North American Benthological Society, 18(3), 308-343."
"110","chiro_pupae","Pupae",9.243,7,"below","exc","fish","reu_2017","7/5/2017","benthic",0.0018,2.617,0.60646,1,"lw_regression","Benke, A. C., Huryn, A. D., Smock, L. A., & Wallace, J. B. (1999). Length-mass relationships for freshwater macroinvertebrates in North America with particular reference to the southeastern United States. Journal of the North American Benthological Society, 18(3), 308-343."
"111","chiro_pupae","Pupae",8.986,7,"below","exc","fish","reu_2017","7/5/2017","benthic",0.0018,2.617,0.56332,1,"lw_regression","Benke, A. C., Huryn, A. D., Smock, L. A., & Wallace, J. B. (1999). Length-mass relationships for freshwater macroinvertebrates in North America with particular reference to the southeastern United States. Journal of the North American Benthological Society, 18(3), 308-343."
"112","chiro_pupae","Pupae",9.693,7,"below","exc","fish","reu_2017","7/5/2017","benthic",0.0018,2.617,0.68681,1,"lw_regression","Benke, A. C., Huryn, A. D., Smock, L. A., & Wallace, J. B. (1999). Length-mass relationships for freshwater macroinvertebrates in North America with particular reference to the southeastern United States. Journal of the North American Benthological Society, 18(3), 308-343."
"113","chiro_pupae","Pupae",13.48,7,"below","exc","fish","reu_2017","7/5/2017","benthic",0.0018,2.617,1.62806,1,"lw_regression","Benke, A. C., Huryn, A. D., Smock, L. A., & Wallace, J. B. (1999). Length-mass relationships for freshwater macroinvertebrates in North America with particular reference to the southeastern United States. Journal of the North American Benthological Society, 18(3), 308-343."
"114","snails","juvenile",4.852,4,"above","ambient","fish","reu_2017","6/29/2017","benthic",0.031,2.851,2.79848,1,"lw_regression","Benke, A. C., Huryn, A. D., Smock, L. A., & Wallace, J. B. (1999). Length-mass relationships for freshwater macroinvertebrates in North America with particular reference to the southeastern United States. Journal of the North American Benthological Society, 18(3), 308-343."
"115","snails","juvenile",4.856,4,"above","ambient","fish","reu_2018","6/30/2017","benthic",0.031,2.851,2.80506,1,"lw_regression","Benke, A. C., Huryn, A. D., Smock, L. A., & Wallace, J. B. (1999). Length-mass relationships for freshwater macroinvertebrates in North America with particular reference to the southeastern United States. Journal of the North American Benthological Society, 18(3), 308-343."
"116","snails","juvenile",3.586,4,"above","ambient","fish","reu_2019","7/1/2017","benthic",0.031,2.851,1.18183,1,"lw_regression","Benke, A. C., Huryn, A. D., Smock, L. A., & Wallace, J. B. (1999). Length-mass relationships for freshwater macroinvertebrates in North America with particular reference to the southeastern United States. Journal of the North American Benthological Society, 18(3), 308-343."
"117","snails","juvenile",6.179,4,"above","ambient","fish","reu_2020","7/2/2017","benthic",0.031,2.851,5.57532,1,"lw_regression","Benke, A. C., Huryn, A. D., Smock, L. A., & Wallace, J. B. (1999). Length-mass relationships for freshwater macroinvertebrates in North America with particular reference to the southeastern United States. Journal of the North American Benthological Society, 18(3), 308-343."
"118","snails","juvenile",3.086,4,"above","ambient","fish","reu_2021","7/3/2017","benthic",0.031,2.851,0.77025,1,"lw_regression","Benke, A. C., Huryn, A. D., Smock, L. A., & Wallace, J. B. (1999). Length-mass relationships for freshwater macroinvertebrates in North America with particular reference to the southeastern United States. Journal of the North American Benthological Society, 18(3), 308-343."
"119","amphipod","juvenile",1,6,"below","ambient","fish","reu_2017","6/26/2017","benthic",0.012,2.74,0.012,1,"lw_regression","Benke, A. C., Huryn, A. D., Smock, L. A., & Wallace, J. B. (1999). Length-mass relationships for freshwater macroinvertebrates in North America with particular reference to the southeastern United States. Journal of the North American Benthological Society, 18(3), 308-343."
"120","oligochaetes","na",6.253,6,"above","exc","no fish","reu_2017","6/26/2017","benthic",0.000102055,3.25,0.039456731,1,"lw_regression","Miserendino, M. L. (2001). Length-mass relationships for macroinvertebrates in freshwater environments of Patagonia (Argentina). Ecología Austral, 11(1), 3-8."
"121","oligochaetes","na",3.377,6,"above","exc","no fish","reu_2017","6/26/2017","benthic",0.000102055,2.473,0.002069622,1,"lw_regression","Miserendino, M. L. (2001). Length-mass relationships for macroinvertebrates in freshwater environments of Patagonia (Argentina). Ecología Austral, 11(1), 3-8."
"122","oligochaetes","na",2.546,6,"above","exc","no fish","reu_2017","6/26/2017","benthic",0.000102055,2.473,0.001029252,1,"lw_regression","Miserendino, M. L. (2001). Length-mass relationships for macroinvertebrates in freshwater environments of Patagonia (Argentina). Ecología Austral, 11(1), 3-8."
"123","oligochaetes","na",3.617,6,"above","exc","no fish","reu_2017","6/26/2017","benthic",0.000102055,2.473,0.002452616,1,"lw_regression","Miserendino, M. L. (2001). Length-mass relationships for macroinvertebrates in freshwater environments of Patagonia (Argentina). Ecología Austral, 11(1), 3-8."
"124","oligochaetes","na",1.72,6,"above","exc","no fish","reu_2017","6/26/2017","benthic",0.000102055,2.473,0.000390207,1,"lw_regression","Miserendino, M. L. (2001). Length-mass relationships for macroinvertebrates in freshwater environments of Patagonia (Argentina). Ecología Austral, 11(1), 3-8."
"125","oligochaetes","na",3.677,6,"above","exc","no fish","reu_2017","6/26/2017","benthic",0.000102055,2.473,0.002554462,1,"lw_regression","Miserendino, M. L. (2001). Length-mass relationships for macroinvertebrates in freshwater environments of Patagonia (Argentina). Ecología Austral, 11(1), 3-8."
"126","oligochaetes","na",2.751,6,"above","exc","no fish","reu_2017","6/26/2017","benthic",0.000102055,2.473,0.001246505,1,"lw_regression","Miserendino, M. L. (2001). Length-mass relationships for macroinvertebrates in freshwater environments of Patagonia (Argentina). Ecología Austral, 11(1), 3-8."
"127","oligochaetes","na",2.896,6,"above","exc","no fish","reu_2017","6/26/2017","benthic",0.000102055,2.473,0.001415342,1,"lw_regression","Miserendino, M. L. (2001). Length-mass relationships for macroinvertebrates in freshwater environments of Patagonia (Argentina). Ecología Austral, 11(1), 3-8."
"128","oligochaetes","na",0.714,6,"above","exc","no fish","reu_2017","6/26/2017","benthic",0.000102055,2.473,4.44e-05,1,"lw_regression","Miserendino, M. L. (2001). Length-mass relationships for macroinvertebrates in freshwater environments of Patagonia (Argentina). Ecología Austral, 11(1), 3-8."
"129","oligochaetes","na",2.759,6,"above","exc","no fish","reu_2017","6/26/2017","benthic",0.000102055,2.473,0.001255488,1,"lw_regression","Miserendino, M. L. (2001). Length-mass relationships for macroinvertebrates in freshwater environments of Patagonia (Argentina). Ecología Austral, 11(1), 3-8."
