taxon,stage,length_mm,cage,location,trt,trt2,experiment,date,habitat,a,b,mg_dm,number_individuals,method,mg_dm_per_ind
Corixidae,Larvae,0.678,4,above,ambient,fish,reu_2017,6/26/2017,benthic,0.0031,2.904,0.001002889,1,lw_regression,0.001002889
Corixidae,Larvae,0.708,4,above,ambient,fish,reu_2017,6/26/2017,benthic,0.0031,2.904,0.001137256,1,lw_regression,0.001137256
Corixidae,Larvae,0.72,12,below,fish,fish,warmbold_2014,8/8/2014,benthic,0.0031,2.904,0.00119414,1,lw_regression,0.00119414
Corixidae,Larvae,0.73,12,below,fish,fish,warmbold_2014,8/8/2014,benthic,0.0031,2.904,0.001242943,1,lw_regression,0.001242943
Corixidae,Larvae,0.737,4,above,ambient,fish,reu_2017,6/26/2017,benthic,0.0031,2.904,0.001277872,1,lw_regression,0.001277872
Corixidae,Larvae,0.74,12,below,fish,fish,warmbold_2014,8/8/2014,benthic,0.0031,2.904,0.001293036,1,lw_regression,0.001293036
Corixidae,Larvae,0.751,4,above,ambient,fish,reu_2017,6/26/2017,benthic,0.0031,2.904,0.001349647,1,lw_regression,0.001349647
Corixidae,Larvae,0.76,12,below,fish,fish,warmbold_2014,8/8/2014,benthic,0.0031,2.904,0.001397154,1,lw_regression,0.001397154
Corixidae,Larvae,0.766,4,above,ambient,fish,reu_2017,6/26/2017,benthic,0.0031,2.904,0.001429427,1,lw_regression,0.001429427
Corixidae,Larvae,0.77,12,below,fish,fish,warmbold_2014,8/8/2014,benthic,0.0031,2.904,0.001451212,1,lw_regression,0.001451212
Corixidae,Larvae,0.783,4,above,ambient,fish,reu_2017,6/26/2017,benthic,0.0031,2.904,0.001523512,1,lw_regression,0.001523512
Corixidae,Larvae,0.79,12,below,fish,fish,warmbold_2014,8/8/2014,benthic,0.0031,2.904,0.001563402,1,lw_regression,0.001563402
Corixidae,Larvae,0.796,4,above,ambient,fish,reu_2017,6/26/2017,benthic,0.0031,2.904,0.001598134,1,lw_regression,0.001598134
Corixidae,Larvae,0.8,12,below,fish,fish,warmbold_2014,8/8/2014,benthic,0.0031,2.904,0.001621567,1,lw_regression,0.001621567
Corixidae,Larvae,0.801,4,above,ambient,fish,reu_2017,6/26/2017,benthic,0.0031,2.904,0.001627461,1,lw_regression,0.001627461
Corixidae,Larvae,0.851,4,above,ambient,fish,reu_2017,6/26/2017,benthic,0.0031,2.904,0.001940337,1,lw_regression,0.001940337
Corixidae,Larvae,0.867,4,above,ambient,fish,reu_2017,6/26/2017,benthic,0.0031,2.904,0.002048185,1,lw_regression,0.002048185
Corixidae,Larvae,0.882,4,above,ambient,fish,reu_2017,6/26/2017,benthic,0.0031,2.904,0.002152794,1,lw_regression,0.002152794
Corixidae,Larvae,0.89,4,above,ambient,fish,reu_2017,6/26/2017,benthic,0.0031,2.904,0.00220999,1,lw_regression,0.00220999
Corixidae,Larvae,0.94,1,below,fish,fish,warmbold_2014,8/8/2014,benthic,0.0031,2.904,0.00259015,1,lw_regression,0.00259015
Corixidae,Larvae,0.96,8,below,fish,fish,warmbold_2014,8/8/2014,benthic,0.0031,2.904,0.002753451,1,lw_regression,0.002753451
Corixidae,Larvae,0.976,4,above,ambient,fish,reu_2017,6/26/2017,benthic,0.0031,2.904,0.002888843,1,lw_regression,0.002888843
Corixidae,Larvae,0.99,10,below,fish,fish,warmbold_2014,8/8/2014,benthic,0.0031,2.904,0.00301083,1,lw_regression,0.00301083
Corixidae,Larvae,1,1,below,fish,fish,warmbold_2014,8/8/2014,benthic,0.0031,2.904,0.0031,1,lw_regression,0.0031
Corixidae,Larvae,1.01,1,below,fish,fish,warmbold_2014,8/8/2014,benthic,0.0031,2.904,0.003190884,1,lw_regression,0.003190884
Corixidae,Larvae,1.04,1,below,fish,fish,warmbold_2014,8/8/2014,benthic,0.0031,2.904,0.003473974,1,lw_regression,0.003473974
Corixidae,Larvae,1.04,8,below,fish,fish,warmbold_2014,8/8/2014,benthic,0.0031,2.904,0.003473974,1,lw_regression,0.003473974
Corixidae,Larvae,1.04,13,below,no fish,no fish,warmbold_2014,8/8/2014,benthic,0.0031,2.904,0.003473974,1,lw_regression,0.003473974
Corixidae,Larvae,1.04,13,below,no fish,no fish,warmbold_2014,8/8/2014,benthic,0.0031,2.904,0.003473974,1,lw_regression,0.003473974
Corixidae,Larvae,1.05,1,below,fish,fish,warmbold_2014,8/8/2014,benthic,0.0031,2.904,0.003571868,1,lw_regression,0.003571868
Corixidae,Larvae,1.06,3,below,fish,fish,warmbold_2014,8/8/2014,benthic,0.0031,2.904,0.003671554,1,lw_regression,0.003671554
Corixidae,Larvae,1.06,15,below,no fish,no fish,warmbold_2014,8/8/2014,benthic,0.0031,2.904,0.003671554,1,lw_regression,0.003671554
Corixidae,Larvae,1.09,1,below,fish,fish,warmbold_2014,8/8/2014,benthic,0.0031,2.904,0.003981514,1,lw_regression,0.003981514
Corixidae,Larvae,1.09,5,below,fish,fish,warmbold_2014,8/8/2014,benthic,0.0031,2.904,0.003981514,1,lw_regression,0.003981514
Corixidae,Larvae,1.09,15,below,no fish,no fish,warmbold_2014,8/8/2014,benthic,0.0031,2.904,0.003981514,1,lw_regression,0.003981514
Corixidae,Larvae,1.1,15,below,no fish,no fish,warmbold_2014,8/8/2014,benthic,0.0031,2.904,0.004088519,1,lw_regression,0.004088519
Corixidae,Larvae,1.1,11,below,no fish,no fish,warmbold_2014,8/8/2014,benthic,0.0031,2.904,0.004088519,1,lw_regression,0.004088519
Corixidae,Larvae,1.1,11,below,no fish,no fish,warmbold_2014,8/8/2014,benthic,0.0031,2.904,0.004088519,1,lw_regression,0.004088519
Corixidae,Larvae,1.1,11,below,no fish,no fish,warmbold_2014,8/8/2014,benthic,0.0031,2.904,0.004088519,1,lw_regression,0.004088519
Corixidae,Larvae,1.101,2,above,cage_ctrl,fish,reu_2017,6/26/2017,benthic,0.0031,2.904,0.004099322,1,lw_regression,0.004099322
Corixidae,Larvae,1.11,5,below,fish,fish,warmbold_2014,8/8/2014,benthic,0.0031,2.904,0.004197393,1,lw_regression,0.004197393
Corixidae,Larvae,1.11,4,below,no fish,no fish,warmbold_2014,8/8/2014,benthic,0.0031,2.904,0.004197393,1,lw_regression,0.004197393
Corixidae,Larvae,1.115,4,above,ambient,fish,reu_2017,6/26/2017,benthic,0.0031,2.904,0.004252535,1,lw_regression,0.004252535
Corixidae,Larvae,1.12,1,below,fish,fish,warmbold_2014,8/8/2014,benthic,0.0031,2.904,0.00430815,1,lw_regression,0.00430815
Corixidae,Larvae,1.12,2,below,fish,fish,warmbold_2014,8/8/2014,benthic,0.0031,2.904,0.00430815,1,lw_regression,0.00430815
Corixidae,Larvae,1.12,2,below,fish,fish,warmbold_2014,8/8/2014,benthic,0.0031,2.904,0.00430815,1,lw_regression,0.00430815
Corixidae,Larvae,1.12,8,below,fish,fish,warmbold_2014,8/8/2014,benthic,0.0031,2.904,0.00430815,1,lw_regression,0.00430815
Corixidae,Larvae,1.12,11,below,no fish,no fish,warmbold_2014,8/8/2014,benthic,0.0031,2.904,0.00430815,1,lw_regression,0.00430815
Corixidae,Larvae,1.121,4,above,ambient,fish,reu_2017,6/26/2017,benthic,0.0031,2.904,0.00431933,1,lw_regression,0.00431933
Corixidae,Larvae,1.13,1,below,fish,fish,warmbold_2014,8/8/2014,benthic,0.0031,2.904,0.004420806,1,lw_regression,0.004420806
Corixidae,Larvae,1.13,1,below,fish,fish,warmbold_2014,8/8/2014,benthic,0.0031,2.904,0.004420806,1,lw_regression,0.004420806
Corixidae,Larvae,1.13,10,below,fish,fish,warmbold_2014,8/8/2014,benthic,0.0031,2.904,0.004420806,1,lw_regression,0.004420806
Corixidae,Larvae,1.13,15,below,no fish,no fish,warmbold_2014,8/8/2014,benthic,0.0031,2.904,0.004420806,1,lw_regression,0.004420806
Corixidae,Larvae,1.14,2,below,fish,fish,warmbold_2014,8/8/2014,benthic,0.0031,2.904,0.004535377,1,lw_regression,0.004535377
Corixidae,Larvae,1.14,3,below,fish,fish,warmbold_2014,8/8/2014,benthic,0.0031,2.904,0.004535377,1,lw_regression,0.004535377
Corixidae,Larvae,1.14,12,below,fish,fish,warmbold_2014,8/8/2014,benthic,0.0031,2.904,0.004535377,1,lw_regression,0.004535377
Corixidae,Larvae,1.14,13,below,no fish,no fish,warmbold_2014,8/8/2014,benthic,0.0031,2.904,0.004535377,1,lw_regression,0.004535377
Corixidae,Larvae,1.14,11,below,no fish,no fish,warmbold_2014,8/8/2014,benthic,0.0031,2.904,0.004535377,1,lw_regression,0.004535377
Corixidae,Larvae,1.15,1,below,fish,fish,warmbold_2014,8/8/2014,benthic,0.0031,2.904,0.004651877,1,lw_regression,0.004651877
Corixidae,Larvae,1.15,5,below,fish,fish,warmbold_2014,8/8/2014,benthic,0.0031,2.904,0.004651877,1,lw_regression,0.004651877
Corixidae,Larvae,1.15,7,below,fish,fish,warmbold_2014,8/8/2014,benthic,0.0031,2.904,0.004651877,1,lw_regression,0.004651877
Corixidae,Larvae,1.15,10,below,fish,fish,warmbold_2014,8/8/2014,benthic,0.0031,2.904,0.004651877,1,lw_regression,0.004651877
Corixidae,Larvae,1.15,13,below,no fish,no fish,warmbold_2014,8/8/2014,benthic,0.0031,2.904,0.004651877,1,lw_regression,0.004651877
Corixidae,Larvae,1.15,11,below,no fish,no fish,warmbold_2014,8/8/2014,benthic,0.0031,2.904,0.004651877,1,lw_regression,0.004651877
Corixidae,Larvae,1.15,11,below,no fish,no fish,warmbold_2014,8/8/2014,benthic,0.0031,2.904,0.004651877,1,lw_regression,0.004651877
Corixidae,Larvae,1.16,2,below,fish,fish,warmbold_2014,8/8/2014,benthic,0.0031,2.904,0.004770322,1,lw_regression,0.004770322
Corixidae,Larvae,1.16,2,below,fish,fish,warmbold_2014,8/8/2014,benthic,0.0031,2.904,0.004770322,1,lw_regression,0.004770322
Corixidae,Larvae,1.16,5,below,fish,fish,warmbold_2014,8/8/2014,benthic,0.0031,2.904,0.004770322,1,lw_regression,0.004770322
Corixidae,Larvae,1.16,6,below,fish,fish,warmbold_2014,8/8/2014,benthic,0.0031,2.904,0.004770322,1,lw_regression,0.004770322
Corixidae,Larvae,1.16,10,below,fish,fish,warmbold_2014,8/8/2014,benthic,0.0031,2.904,0.004770322,1,lw_regression,0.004770322
Corixidae,Larvae,1.16,15,below,no fish,no fish,warmbold_2014,8/8/2014,benthic,0.0031,2.904,0.004770322,1,lw_regression,0.004770322
Corixidae,Larvae,1.16,15,below,no fish,no fish,warmbold_2014,8/8/2014,benthic,0.0031,2.904,0.004770322,1,lw_regression,0.004770322
Corixidae,Larvae,1.16,15,below,no fish,no fish,warmbold_2014,8/8/2014,benthic,0.0031,2.904,0.004770322,1,lw_regression,0.004770322
Corixidae,Larvae,1.17,5,below,fish,fish,warmbold_2014,8/8/2014,benthic,0.0031,2.904,0.004890727,1,lw_regression,0.004890727
Corixidae,Larvae,1.17,6,below,fish,fish,warmbold_2014,8/8/2014,benthic,0.0031,2.904,0.004890727,1,lw_regression,0.004890727
Corixidae,Larvae,1.17,10,below,fish,fish,warmbold_2014,8/8/2014,benthic,0.0031,2.904,0.004890727,1,lw_regression,0.004890727
Corixidae,Larvae,1.17,13,below,no fish,no fish,warmbold_2014,8/8/2014,benthic,0.0031,2.904,0.004890727,1,lw_regression,0.004890727
Corixidae,Larvae,1.17,11,below,no fish,no fish,warmbold_2014,8/8/2014,benthic,0.0031,2.904,0.004890727,1,lw_regression,0.004890727
Corixidae,Larvae,1.18,2,below,fish,fish,warmbold_2014,8/8/2014,benthic,0.0031,2.904,0.005013108,1,lw_regression,0.005013108
Corixidae,Larvae,1.18,3,below,fish,fish,warmbold_2014,8/8/2014,benthic,0.0031,2.904,0.005013108,1,lw_regression,0.005013108
Corixidae,Larvae,1.18,13,below,no fish,no fish,warmbold_2014,8/8/2014,benthic,0.0031,2.904,0.005013108,1,lw_regression,0.005013108
Corixidae,Larvae,1.19,5,below,fish,fish,warmbold_2014,8/8/2014,benthic,0.0031,2.904,0.005137479,1,lw_regression,0.005137479
Corixidae,Larvae,1.19,8,below,fish,fish,warmbold_2014,8/8/2014,benthic,0.0031,2.904,0.005137479,1,lw_regression,0.005137479
Corixidae,Larvae,1.19,9,below,fish,fish,warmbold_2014,8/8/2014,benthic,0.0031,2.904,0.005137479,1,lw_regression,0.005137479
Corixidae,Larvae,1.19,10,below,fish,fish,warmbold_2014,8/8/2014,benthic,0.0031,2.904,0.005137479,1,lw_regression,0.005137479
Corixidae,Larvae,1.19,10,below,fish,fish,warmbold_2014,8/8/2014,benthic,0.0031,2.904,0.005137479,1,lw_regression,0.005137479
Corixidae,Larvae,1.2,3,below,fish,fish,warmbold_2014,8/8/2014,benthic,0.0031,2.904,0.005263856,1,lw_regression,0.005263856
Corixidae,Larvae,1.2,3,below,fish,fish,warmbold_2014,8/8/2014,benthic,0.0031,2.904,0.005263856,1,lw_regression,0.005263856
Corixidae,Larvae,1.2,6,below,fish,fish,warmbold_2014,8/8/2014,benthic,0.0031,2.904,0.005263856,1,lw_regression,0.005263856
Corixidae,Larvae,1.2,8,below,fish,fish,warmbold_2014,8/8/2014,benthic,0.0031,2.904,0.005263856,1,lw_regression,0.005263856
Corixidae,Larvae,1.2,9,below,fish,fish,warmbold_2014,8/8/2014,benthic,0.0031,2.904,0.005263856,1,lw_regression,0.005263856
Corixidae,Larvae,1.2,4,below,no fish,no fish,warmbold_2014,8/8/2014,benthic,0.0031,2.904,0.005263856,1,lw_regression,0.005263856
Corixidae,Larvae,1.2,15,below,no fish,no fish,warmbold_2014,8/8/2014,benthic,0.0031,2.904,0.005263856,1,lw_regression,0.005263856
Corixidae,Larvae,1.21,2,below,fish,fish,warmbold_2014,8/8/2014,benthic,0.0031,2.904,0.005392255,1,lw_regression,0.005392255
Corixidae,Larvae,1.21,3,below,fish,fish,warmbold_2014,8/8/2014,benthic,0.0031,2.904,0.005392255,1,lw_regression,0.005392255
Corixidae,Larvae,1.21,8,below,fish,fish,warmbold_2014,8/8/2014,benthic,0.0031,2.904,0.005392255,1,lw_regression,0.005392255
Corixidae,Larvae,1.21,9,below,fish,fish,warmbold_2014,8/8/2014,benthic,0.0031,2.904,0.005392255,1,lw_regression,0.005392255
Corixidae,Larvae,1.21,4,below,no fish,no fish,warmbold_2014,8/8/2014,benthic,0.0031,2.904,0.005392255,1,lw_regression,0.005392255
Corixidae,Larvae,1.21,13,below,no fish,no fish,warmbold_2014,8/8/2014,benthic,0.0031,2.904,0.005392255,1,lw_regression,0.005392255
Corixidae,Larvae,1.22,6,below,fish,fish,warmbold_2014,8/8/2014,benthic,0.0031,2.904,0.00552269,1,lw_regression,0.00552269
Corixidae,Larvae,1.22,13,below,no fish,no fish,warmbold_2014,8/8/2014,benthic,0.0031,2.904,0.00552269,1,lw_regression,0.00552269
Corixidae,Larvae,1.22,11,below,no fish,no fish,warmbold_2014,8/8/2014,benthic,0.0031,2.904,0.00552269,1,lw_regression,0.00552269
Corixidae,Larvae,1.23,9,below,fish,fish,warmbold_2014,8/8/2014,benthic,0.0031,2.904,0.005655176,1,lw_regression,0.005655176
Corixidae,Larvae,1.24,3,below,fish,fish,warmbold_2014,8/8/2014,benthic,0.0031,2.904,0.005789729,1,lw_regression,0.005789729
Corixidae,Larvae,1.24,5,below,fish,fish,warmbold_2014,8/8/2014,benthic,0.0031,2.904,0.005789729,1,lw_regression,0.005789729
Corixidae,Larvae,1.24,8,below,fish,fish,warmbold_2014,8/8/2014,benthic,0.0031,2.904,0.005789729,1,lw_regression,0.005789729
Corixidae,Larvae,1.24,10,below,fish,fish,warmbold_2014,8/8/2014,benthic,0.0031,2.904,0.005789729,1,lw_regression,0.005789729
Corixidae,Larvae,1.25,5,below,fish,fish,warmbold_2014,8/8/2014,benthic,0.0031,2.904,0.005926365,1,lw_regression,0.005926365
Corixidae,Larvae,1.25,10,below,fish,fish,warmbold_2014,8/8/2014,benthic,0.0031,2.904,0.005926365,1,lw_regression,0.005926365
Corixidae,Larvae,1.25,4,below,no fish,no fish,warmbold_2014,8/8/2014,benthic,0.0031,2.904,0.005926365,1,lw_regression,0.005926365
Corixidae,Larvae,1.25,4,below,no fish,no fish,warmbold_2014,8/8/2014,benthic,0.0031,2.904,0.005926365,1,lw_regression,0.005926365
Corixidae,Larvae,1.25,4,below,no fish,no fish,warmbold_2014,8/8/2014,benthic,0.0031,2.904,0.005926365,1,lw_regression,0.005926365
Corixidae,Larvae,1.25,13,below,no fish,no fish,warmbold_2014,8/8/2014,benthic,0.0031,2.904,0.005926365,1,lw_regression,0.005926365
Corixidae,Larvae,1.26,7,below,fish,fish,warmbold_2014,8/8/2014,benthic,0.0031,2.904,0.006065097,1,lw_regression,0.006065097
Corixidae,Larvae,1.26,9,below,fish,fish,warmbold_2014,8/8/2014,benthic,0.0031,2.904,0.006065097,1,lw_regression,0.006065097
Corixidae,Larvae,1.261,4,above,ambient,fish,reu_2017,6/26/2017,benthic,0.0031,2.904,0.006079086,1,lw_regression,0.006079086
Chironomidae,Larvae,1.601,5,below,exc,no fish,reu_2017,6/26/2017,benthic,0.0018,2.617,0.006168288,1,lw_regression,0.006168288
Corixidae,Larvae,1.27,3,below,fish,fish,warmbold_2014,8/8/2014,benthic,0.0031,2.904,0.006205942,1,lw_regression,0.006205942
Corixidae,Larvae,1.27,10,below,fish,fish,warmbold_2014,8/8/2014,benthic,0.0031,2.904,0.006205942,1,lw_regression,0.006205942
Corixidae,Larvae,1.27,4,below,no fish,no fish,warmbold_2014,8/8/2014,benthic,0.0031,2.904,0.006205942,1,lw_regression,0.006205942
Corixidae,Larvae,1.27,13,below,no fish,no fish,warmbold_2014,8/8/2014,benthic,0.0031,2.904,0.006205942,1,lw_regression,0.006205942
Corixidae,Larvae,1.284,4,above,ambient,fish,reu_2017,6/26/2017,benthic,0.0031,2.904,0.006406702,1,lw_regression,0.006406702
Corixidae,Larvae,1.296,4,above,ambient,fish,reu_2017,6/26/2017,benthic,0.0031,2.904,0.006582132,1,lw_regression,0.006582132
Corixidae,Larvae,1.298,4,above,ambient,fish,reu_2017,6/26/2017,benthic,0.0031,2.904,0.006611674,1,lw_regression,0.006611674
Corixidae,Larvae,1.308,4,above,ambient,fish,reu_2017,6/26/2017,benthic,0.0031,2.904,0.006760683,1,lw_regression,0.006760683
Corixidae,Larvae,1.31,5,below,fish,fish,warmbold_2014,8/8/2014,benthic,0.0031,2.904,0.006790747,1,lw_regression,0.006790747
Corixidae,Larvae,1.33,4,below,no fish,no fish,warmbold_2014,8/8/2014,benthic,0.0031,2.904,0.007096217,1,lw_regression,0.007096217
Corixidae,Larvae,1.334,4,above,ambient,fish,reu_2017,6/26/2017,benthic,0.0031,2.904,0.007158371,1,lw_regression,0.007158371
Corixidae,Larvae,1.348,4,above,ambient,fish,reu_2017,6/26/2017,benthic,0.0031,2.904,0.007378722,1,lw_regression,0.007378722
Corixidae,Larvae,1.36,4,above,ambient,fish,reu_2017,6/26/2017,benthic,0.0031,2.904,0.007571095,1,lw_regression,0.007571095
Corixidae,Larvae,1.36,4,above,ambient,fish,reu_2017,6/26/2017,benthic,0.0031,2.904,0.007571095,1,lw_regression,0.007571095
Corixidae,Larvae,1.376,4,above,ambient,fish,reu_2017,6/26/2017,benthic,0.0031,2.904,0.007832666,1,lw_regression,0.007832666
Corixidae,Larvae,1.388,4,above,ambient,fish,reu_2017,6/26/2017,benthic,0.0031,2.904,0.008032684,1,lw_regression,0.008032684
Corixidae,Larvae,1.48,4,above,ambient,fish,reu_2017,6/26/2017,benthic,0.0031,2.904,0.009678359,1,lw_regression,0.009678359
Chironomidae,Larvae,1.98,13,below,no fish,no fish,warmbold_2014,8/8/2014,benthic,0.0018,2.617,0.010755864,1,lw_regression,0.010755864
Chironomidae,Larvae,2.07,4,above,ambient,fish,reu_2017,6/26/2017,benthic,0.0018,2.617,0.012082781,1,lw_regression,0.012082781
Caenidae,Larvae,1.35,1,below,fish,fish,warmbold_2014,8/8/2014,benthic,0.0054,2.772,0.012407348,1,lw_regression,0.012407348
Corixidae,Larvae,1.62,7,below,fish,fish,warmbold_2014,8/8/2014,benthic,0.0031,2.904,0.012583264,1,lw_regression,0.012583264
Caenidae,Larvae,1.38,12,below,fish,fish,warmbold_2014,8/8/2014,benthic,0.0054,2.772,0.013186775,1,lw_regression,0.013186775
Corixidae,Larvae,1.67,7,below,fish,fish,warmbold_2014,8/8/2014,benthic,0.0031,2.904,0.013744544,1,lw_regression,0.013744544
Corixidae,Larvae,1.67,12,below,fish,fish,warmbold_2014,8/8/2014,benthic,0.0031,2.904,0.013744544,1,lw_regression,0.013744544
Corixidae,Larvae,1.69,5,below,fish,fish,warmbold_2014,8/8/2014,benthic,0.0031,2.904,0.014228027,1,lw_regression,0.014228027
Chironomidae,Larvae,2.23,13,below,no fish,no fish,warmbold_2014,8/8/2014,benthic,0.0018,2.617,0.014682038,1,lw_regression,0.014682038
Corixidae,Larvae,1.75,4,above,ambient,fish,reu_2017,6/26/2017,benthic,0.0031,2.904,0.015745055,1,lw_regression,0.015745055
Corixidae,Larvae,1.76,2,below,fish,fish,warmbold_2014,8/8/2014,benthic,0.0031,2.904,0.016007757,1,lw_regression,0.016007757
Corixidae,Larvae,1.76,7,below,fish,fish,warmbold_2014,8/8/2014,benthic,0.0031,2.904,0.016007757,1,lw_regression,0.016007757
Corixidae,Larvae,1.78,3,below,fish,fish,warmbold_2014,8/8/2014,benthic,0.0031,2.904,0.016541747,1,lw_regression,0.016541747
Corixidae,Larvae,1.78,8,below,fish,fish,warmbold_2014,8/8/2014,benthic,0.0031,2.904,0.016541747,1,lw_regression,0.016541747
Corixidae,Larvae,1.79,7,below,fish,fish,warmbold_2014,8/8/2014,benthic,0.0031,2.904,0.016813065,1,lw_regression,0.016813065
Corixidae,Larvae,1.79,4,below,no fish,no fish,warmbold_2014,8/8/2014,benthic,0.0031,2.904,0.016813065,1,lw_regression,0.016813065
Corixidae,Larvae,1.8,7,below,fish,fish,warmbold_2014,8/8/2014,benthic,0.0031,2.904,0.017087284,1,lw_regression,0.017087284
Corixidae,Larvae,1.81,3,below,fish,fish,warmbold_2014,8/8/2014,benthic,0.0031,2.904,0.01736442,1,lw_regression,0.01736442
Corixidae,Larvae,1.82,4,below,no fish,no fish,warmbold_2014,8/8/2014,benthic,0.0031,2.904,0.017644486,1,lw_regression,0.017644486
Corixidae,Larvae,1.85,2,below,fish,fish,warmbold_2014,8/8/2014,benthic,0.0031,2.904,0.018502414,1,lw_regression,0.018502414
Corixidae,Larvae,1.85,8,below,fish,fish,warmbold_2014,8/8/2014,benthic,0.0031,2.904,0.018502414,1,lw_regression,0.018502414
Corixidae,Larvae,1.89,7,below,fish,fish,warmbold_2014,8/8/2014,benthic,0.0031,2.904,0.019688234,1,lw_regression,0.019688234
Chironomidae,Larvae,2.5,15,below,no fish,no fish,warmbold_2014,8/8/2014,benthic,0.0018,2.617,0.019800744,1,lw_regression,0.019800744
Chironomidae,Larvae,2.518,2,above,cage_ctrl,fish,reu_2017,6/26/2017,benthic,0.0018,2.617,0.020176013,1,lw_regression,0.020176013
Chironomidae,Larvae,2.609,5,below,exc,no fish,reu_2017,6/26/2017,benthic,0.0018,2.617,0.022140385,1,lw_regression,0.022140385
Chironomidae,Larvae,2.61,3,below,fish,fish,warmbold_2014,8/8/2014,benthic,0.0018,2.617,0.0221626,1,lw_regression,0.0221626
Chironomidae,Larvae,2.64,7,below,fish,fish,warmbold_2014,8/8/2014,benthic,0.0018,2.617,0.022835471,1,lw_regression,0.022835471
Chironomidae,Larvae,2.64,13,below,no fish,no fish,warmbold_2014,8/8/2014,benthic,0.0018,2.617,0.022835471,1,lw_regression,0.022835471
Corixidae,Larvae,1.99,4,above,ambient,fish,reu_2017,6/26/2017,benthic,0.0031,2.904,0.02286815,1,lw_regression,0.02286815
Ceratopogonidae,Larvae,2.47,14,below,no fish,no fish,warmbold_2014,8/8/2014,benthic,0.0025,2.469,0.023308203,1,lw_regression,0.023308203
Chironomidae,Larvae,2.75,13,below,no fish,no fish,warmbold_2014,8/8/2014,benthic,0.0018,2.617,0.025410088,1,lw_regression,0.025410088
Ceratopogonidae,Larvae,2.58,8,below,fish,fish,warmbold_2014,8/8/2014,benthic,0.0025,2.469,0.02595548,1,lw_regression,0.02595548
Corixidae,Larvae,2.094,4,above,ambient,fish,reu_2017,6/26/2017,benthic,0.0031,2.904,0.026514166,1,lw_regression,0.026514166
Ceratopogonidae,Larvae,2.71,8,below,fish,fish,warmbold_2014,8/8/2014,benthic,0.0025,2.469,0.029304964,1,lw_regression,0.029304964
Ceratopogonidae,Larvae,2.73,2,below,fish,fish,warmbold_2014,8/8/2014,benthic,0.0025,2.469,0.029841839,1,lw_regression,0.029841839
Ceratopogonidae,Larvae,2.74,7,below,fish,fish,warmbold_2014,8/8/2014,benthic,0.0025,2.469,0.030112454,1,lw_regression,0.030112454
Ceratopogonidae,Larvae,2.76,8,below,fish,fish,warmbold_2014,8/8/2014,benthic,0.0025,2.469,0.03065805,1,lw_regression,0.03065805
Ceratopogonidae,Larvae,2.78,2,below,fish,fish,warmbold_2014,8/8/2014,benthic,0.0025,2.469,0.031209486,1,lw_regression,0.031209486
Ceratopogonidae,Larvae,2.91,7,below,fish,fish,warmbold_2014,8/8/2014,benthic,0.0025,2.469,0.034937498,1,lw_regression,0.034937498
Chironomidae,Larvae,3.13,10,below,fish,fish,warmbold_2014,8/8/2014,benthic,0.0018,2.617,0.03565431,1,lw_regression,0.03565431
Chironomidae,Larvae,3.21,11,below,no fish,no fish,warmbold_2014,8/8/2014,benthic,0.0018,2.617,0.038088702,1,lw_regression,0.038088702
Chironomidae,Larvae,3.22,5,below,exc,no fish,reu_2017,6/26/2017,benthic,0.0018,2.617,0.038400009,1,lw_regression,0.038400009
Caenidae,Larvae,2.04,12,below,fish,fish,warmbold_2014,8/8/2014,benthic,0.0054,2.772,0.038966247,1,lw_regression,0.038966247
Caenidae,Larvae,2.06,1,below,fish,fish,warmbold_2014,8/8/2014,benthic,0.0054,2.772,0.040034434,1,lw_regression,0.040034434
Corixidae,Larvae,2.45,11,below,no fish,no fish,warmbold_2014,8/8/2014,benthic,0.0031,2.904,0.041831169,1,lw_regression,0.041831169
Chironomidae,Larvae,3.34,15,below,no fish,no fish,warmbold_2014,8/8/2014,benthic,0.0018,2.617,0.042258785,1,lw_regression,0.042258785
Chironomidae,Larvae,3.344,10,above,ambient,fish,reu_2017,6/26/2017,benthic,0.0018,2.617,0.042391358,1,lw_regression,0.042391358
Ceratopogonidae,Larvae,3.16,9,below,fish,fish,warmbold_2014,8/8/2014,benthic,0.0025,2.469,0.042822046,1,lw_regression,0.042822046
Chironomidae,Pupae,3.43,12,below,fish,fish,warmbold_2014,8/8/2014,benthic,0.0018,2.617,0.04530407,1,lw_regression,0.04530407
Corixidae,Larvae,2.53,7,below,fish,fish,warmbold_2014,8/8/2014,benthic,0.0031,2.904,0.045922306,1,lw_regression,0.045922306
Chironomidae,Pupae,3.48,5,below,fish,fish,warmbold_2014,8/8/2014,benthic,0.0018,2.617,0.047052791,1,lw_regression,0.047052791
Chironomidae,Larvae,3.49,3,below,fish,fish,warmbold_2014,8/8/2014,benthic,0.0018,2.617,0.047407456,1,lw_regression,0.047407456
Chironomidae,Larvae,3.511,5,below,exc,no fish,reu_2017,6/26/2017,benthic,0.0018,2.617,0.048157617,1,lw_regression,0.048157617
Caenidae,Larvae,2.22,1,below,fish,fish,warmbold_2014,8/8/2014,benthic,0.0054,2.772,0.049258843,1,lw_regression,0.049258843
Chironomidae,Pupae,3.59,7,below,fish,fish,warmbold_2014,8/8/2014,benthic,0.0018,2.617,0.051045173,1,lw_regression,0.051045173
Chironomidae,Larvae,3.6,2,below,fish,fish,warmbold_2014,8/8/2014,benthic,0.0018,2.617,0.051418115,1,lw_regression,0.051418115
Caenidae,Larvae,2.27,8,below,fish,fish,warmbold_2014,8/8/2014,benthic,0.0054,2.772,0.052395916,1,lw_regression,0.052395916
Ceratopogonidae,Larvae,3.46,9,below,fish,fish,warmbold_2014,8/8/2014,benthic,0.0025,2.469,0.053569661,1,lw_regression,0.053569661
Corixidae,Larvae,2.68,7,below,fish,fish,warmbold_2014,8/8/2014,benthic,0.0031,2.904,0.054283162,1,lw_regression,0.054283162
Corixidae,Larvae,2.7,8,below,fish,fish,warmbold_2014,8/8/2014,benthic,0.0031,2.904,0.055467944,1,lw_regression,0.055467944
Ceratopogonidae,Larvae,3.51,15,below,no fish,no fish,warmbold_2014,8/8/2014,benthic,0.0025,2.469,0.055501316,1,lw_regression,0.055501316
Ceratopogonidae,Larvae,3.54,12,below,fish,fish,warmbold_2014,8/8/2014,benthic,0.0025,2.469,0.056679898,1,lw_regression,0.056679898
Chironomidae,Larvae,3.74,8,below,fish,fish,warmbold_2014,8/8/2014,benthic,0.0018,2.617,0.056816894,1,lw_regression,0.056816894
Caenidae,Larvae,2.34,2,below,fish,fish,warmbold_2014,8/8/2014,benthic,0.0054,2.772,0.056998066,1,lw_regression,0.056998066
Chironomidae,Pupae,3.75,11,below,no fish,no fish,warmbold_2014,8/8/2014,benthic,0.0018,2.617,0.05721532,1,lw_regression,0.05721532
Chironomidae,Pupae,3.76,7,below,fish,fish,warmbold_2014,8/8/2014,benthic,0.0018,2.617,0.057615468,1,lw_regression,0.057615468
Chironomidae,Larvae,3.77,1,below,fish,fish,warmbold_2014,8/8/2014,benthic,0.0018,2.617,0.058017341,1,lw_regression,0.058017341
Chironomidae,Pupae,3.77,3,below,fish,fish,warmbold_2014,8/8/2014,benthic,0.0018,2.617,0.058017341,1,lw_regression,0.058017341
Chironomidae,Pupae,3.79,1,below,fish,fish,warmbold_2014,8/8/2014,benthic,0.0018,2.617,0.058826271,1,lw_regression,0.058826271
Chironomidae,Pupae,3.79,3,below,fish,fish,warmbold_2014,8/8/2014,benthic,0.0018,2.617,0.058826271,1,lw_regression,0.058826271
Caenidae,Larvae,2.37,7,below,fish,fish,warmbold_2014,8/8/2014,benthic,0.0054,2.772,0.059046774,1,lw_regression,0.059046774
Chironomidae,Larvae,3.8,2,below,fish,fish,warmbold_2014,8/8/2014,benthic,0.0018,2.617,0.059233334,1,lw_regression,0.059233334
Chironomidae,Larvae,3.819,5,below,exc,no fish,reu_2017,6/26/2017,benthic,0.0018,2.617,0.060011539,1,lw_regression,0.060011539
Caenidae,Larvae,2.4,12,below,fish,fish,warmbold_2014,8/8/2014,benthic,0.0054,2.772,0.061141955,1,lw_regression,0.061141955
Chironomidae,Larvae,3.868,4,above,ambient,fish,reu_2017,6/26/2017,benthic,0.0018,2.617,0.062047542,1,lw_regression,0.062047542
Chironomidae,Larvae,3.876,6,above,exc,no fish,reu_2017,6/26/2017,benthic,0.0018,2.617,0.062383944,1,lw_regression,0.062383944
Chironomidae,Pupae,3.89,3,below,fish,fish,warmbold_2014,8/8/2014,benthic,0.0018,2.617,0.062975353,1,lw_regression,0.062975353
Ceratopogonidae,Larvae,3.71,10,below,fish,fish,warmbold_2014,8/8/2014,benthic,0.0025,2.469,0.063639124,1,lw_regression,0.063639124
Corixidae,Larvae,2.84,4,above,ambient,fish,reu_2017,6/26/2017,benthic,0.0031,2.904,0.064238909,1,lw_regression,0.064238909
Ceratopogonidae,Larvae,3.731,3,above,exc,no fish,reu_2017,6/26/2017,benthic,0.0025,2.469,0.064532212,1,lw_regression,0.064532212
Chironomidae,Larvae,3.96,7,below,fish,fish,warmbold_2014,8/8/2014,benthic,0.0018,2.617,0.065984329,1,lw_regression,0.065984329
Ceratopogonidae,Larvae,3.79,9,below,fish,fish,warmbold_2014,8/8/2014,benthic,0.0025,2.469,0.067081107,1,lw_regression,0.067081107
Chironomidae,Larvae,4,14,below,no fish,no fish,warmbold_2014,8/8/2014,benthic,0.0018,2.617,0.067742856,1,lw_regression,0.067742856
Chironomidae,Larvae,4.01,13,below,no fish,no fish,warmbold_2014,8/8/2014,benthic,0.0018,2.617,0.06818696,1,lw_regression,0.06818696
Chironomidae,Larvae,4.04,12,below,fish,fish,warmbold_2014,8/8/2014,benthic,0.0018,2.617,0.069530049,1,lw_regression,0.069530049
Caenidae,Larvae,2.52,7,below,fish,fish,warmbold_2014,8/8/2014,benthic,0.0054,2.772,0.069996457,1,lw_regression,0.069996457
Chironomidae,Larvae,4.06,9,below,fish,fish,warmbold_2014,8/8/2014,benthic,0.0018,2.617,0.070434451,1,lw_regression,0.070434451
Chironomidae,Pupae,4.07,7,below,fish,fish,warmbold_2014,8/8/2014,benthic,0.0018,2.617,0.070889363,1,lw_regression,0.070889363
Chironomidae,Pupae,4.08,5,below,fish,fish,warmbold_2014,8/8/2014,benthic,0.0018,2.617,0.071346086,1,lw_regression,0.071346086
Chironomidae,Pupae,4.13,3,below,fish,fish,warmbold_2014,8/8/2014,benthic,0.0018,2.617,0.07365696,1,lw_regression,0.07365696
Ceratopogonidae,Larvae,3.94,7,below,fish,fish,warmbold_2014,8/8/2014,benthic,0.0025,2.469,0.073827843,1,lw_regression,0.073827843
Ceratopogonidae,Larvae,3.96,2,below,fish,fish,warmbold_2014,8/8/2014,benthic,0.0025,2.469,0.07475658,1,lw_regression,0.07475658
Chironomidae,Pupae,4.16,8,below,fish,fish,warmbold_2014,8/8/2014,benthic,0.0018,2.617,0.075065391,1,lw_regression,0.075065391
Chironomidae,Pupae,4.16,12,below,fish,fish,warmbold_2014,8/8/2014,benthic,0.0018,2.617,0.075065391,1,lw_regression,0.075065391
Chironomidae,Pupae,4.16,15,below,no fish,no fish,warmbold_2014,8/8/2014,benthic,0.0018,2.617,0.075065391,1,lw_regression,0.075065391
Chironomidae,Pupae,4.17,7,below,fish,fish,warmbold_2014,8/8/2014,benthic,0.0018,2.617,0.075538536,1,lw_regression,0.075538536
Chironomidae,Pupae,4.17,11,below,no fish,no fish,warmbold_2014,8/8/2014,benthic,0.0018,2.617,0.075538536,1,lw_regression,0.075538536
Chironomidae,Pupae,4.18,7,below,fish,fish,warmbold_2014,8/8/2014,benthic,0.0018,2.617,0.076013518,1,lw_regression,0.076013518
Ceratopogonidae,Larvae,4.01,2,below,fish,fish,warmbold_2014,8/8/2014,benthic,0.0025,2.469,0.077108715,1,lw_regression,0.077108715
Chironomidae,Larvae,4.21,15,below,no fish,no fish,warmbold_2014,8/8/2014,benthic,0.0018,2.617,0.077449523,1,lw_regression,0.077449523
Chironomidae,Larvae,4.22,7,below,fish,fish,warmbold_2014,8/8/2014,benthic,0.0018,2.617,0.077931886,1,lw_regression,0.077931886
Chironomidae,Pupae,4.22,7,below,fish,fish,warmbold_2014,8/8/2014,benthic,0.0018,2.617,0.077931886,1,lw_regression,0.077931886
Chironomidae,Pupae,4.22,4,below,no fish,no fish,warmbold_2014,8/8/2014,benthic,0.0018,2.617,0.077931886,1,lw_regression,0.077931886
Chironomidae,Pupae,4.23,9,below,fish,fish,warmbold_2014,8/8/2014,benthic,0.0018,2.617,0.078416101,1,lw_regression,0.078416101
Chironomidae,Pupae,4.23,11,below,no fish,no fish,warmbold_2014,8/8/2014,benthic,0.0018,2.617,0.078416101,1,lw_regression,0.078416101
Chironomidae,Pupae,4.26,2,below,fish,fish,warmbold_2014,8/8/2014,benthic,0.0018,2.617,0.079879884,1,lw_regression,0.079879884
Chironomidae,Pupae,4.27,7,below,fish,fish,warmbold_2014,8/8/2014,benthic,0.0018,2.617,0.080371533,1,lw_regression,0.080371533
Chironomidae,Pupae,4.27,8,below,fish,fish,warmbold_2014,8/8/2014,benthic,0.0018,2.617,0.080371533,1,lw_regression,0.080371533
Chironomidae,Pupae,4.27,11,below,no fish,no fish,warmbold_2014,8/8/2014,benthic,0.0018,2.617,0.080371533,1,lw_regression,0.080371533
Chironomidae,Pupae,4.28,4,below,no fish,no fish,warmbold_2014,8/8/2014,benthic,0.0018,2.617,0.080865048,1,lw_regression,0.080865048
Ceratopogonidae,Larvae,4.1,7,below,fish,fish,warmbold_2014,8/8/2014,benthic,0.0025,2.469,0.0814523,1,lw_regression,0.0814523
Ceratopogonidae,Larvae,4.11,1,below,fish,fish,warmbold_2014,8/8/2014,benthic,0.0025,2.469,0.081943681,1,lw_regression,0.081943681
Chironomidae,Pupae,4.33,1,below,fish,fish,warmbold_2014,8/8/2014,benthic,0.0018,2.617,0.083360696,1,lw_regression,0.083360696
Chironomidae,Larvae,4.33,15,below,no fish,no fish,warmbold_2014,8/8/2014,benthic,0.0018,2.617,0.083360696,1,lw_regression,0.083360696
Chironomidae,Larvae,4.332,3,above,exc,no fish,reu_2017,6/26/2017,benthic,0.0018,2.617,0.083461498,1,lw_regression,0.083461498
Chironomidae,Pupae,4.34,1,below,fish,fish,warmbold_2014,8/8/2014,benthic,0.0018,2.617,0.083865459,1,lw_regression,0.083865459
Chironomidae,Larvae,4.346,4,above,ambient,fish,reu_2017,6/26/2017,benthic,0.0018,2.617,0.084169221,1,lw_regression,0.084169221
Chironomidae,Larvae,4.36,7,below,fish,fish,warmbold_2014,8/8/2014,benthic,0.0018,2.617,0.08488064,1,lw_regression,0.08488064
Chironomidae,Larvae,4.36,8,below,fish,fish,warmbold_2014,8/8/2014,benthic,0.0018,2.617,0.08488064,1,lw_regression,0.08488064
Chironomidae,Larvae,4.36,10,below,fish,fish,warmbold_2014,8/8/2014,benthic,0.0018,2.617,0.08488064,1,lw_regression,0.08488064
Ceratopogonidae,Larvae,4.18,14,below,no fish,no fish,warmbold_2014,8/8/2014,benthic,0.0025,2.469,0.085432723,1,lw_regression,0.085432723
Chironomidae,Larvae,4.41,12,below,fish,fish,warmbold_2014,8/8/2014,benthic,0.0018,2.617,0.087451708,1,lw_regression,0.087451708
Ceratopogonidae,Larvae,4.23,8,below,fish,fish,warmbold_2014,8/8/2014,benthic,0.0025,2.469,0.087978059,1,lw_regression,0.087978059
Ceratopogonidae,Larvae,4.26,9,below,fish,fish,warmbold_2014,8/8/2014,benthic,0.0025,2.469,0.089526645,1,lw_regression,0.089526645
Chironomidae,Pupae,4.45,2,below,fish,fish,warmbold_2014,8/8/2014,benthic,0.0018,2.617,0.089542797,1,lw_regression,0.089542797
Chironomidae,Larvae,4.45,3,below,fish,fish,warmbold_2014,8/8/2014,benthic,0.0018,2.617,0.089542797,1,lw_regression,0.089542797
Chironomidae,Pupae,4.49,6,below,fish,fish,warmbold_2014,8/8/2014,benthic,0.0018,2.617,0.091664501,1,lw_regression,0.091664501
Chironomidae,Larvae,4.513,6,above,exc,no fish,reu_2017,6/26/2017,benthic,0.0018,2.617,0.09289841,1,lw_regression,0.09289841
Ceratopogonidae,Larvae,4.33,11,below,no fish,no fish,warmbold_2014,8/8/2014,benthic,0.0025,2.469,0.093202728,1,lw_regression,0.093202728
Chironomidae,Pupae,4.52,1,below,fish,fish,warmbold_2014,8/8/2014,benthic,0.0018,2.617,0.093275973,1,lw_regression,0.093275973
Ceratopogonidae,Larvae,4.34,14,below,no fish,no fish,warmbold_2014,8/8/2014,benthic,0.0025,2.469,0.093735079,1,lw_regression,0.093735079
Chironomidae,Pupae,4.53,9,below,fish,fish,warmbold_2014,8/8/2014,benthic,0.0018,2.617,0.093816991,1,lw_regression,0.093816991
Chironomidae,Pupae,4.54,3,below,fish,fish,warmbold_2014,8/8/2014,benthic,0.0018,2.617,0.094359943,1,lw_regression,0.094359943
Chironomidae,Larvae,4.54,7,below,fish,fish,warmbold_2014,8/8/2014,benthic,0.0018,2.617,0.094359943,1,lw_regression,0.094359943
Chironomidae,Larvae,4.54,15,below,no fish,no fish,warmbold_2014,8/8/2014,benthic,0.0018,2.617,0.094359943,1,lw_regression,0.094359943
Caenidae,Larvae,2.81,8,below,fish,fish,warmbold_2014,8/8/2014,benthic,0.0054,2.772,0.094668976,1,lw_regression,0.094668976
Chironomidae,Pupae,4.56,12,below,fish,fish,warmbold_2014,8/8/2014,benthic,0.0018,2.617,0.095451663,1,lw_regression,0.095451663
Chironomidae,Larvae,4.57,7,below,fish,fish,warmbold_2014,8/8/2014,benthic,0.0018,2.617,0.096000435,1,lw_regression,0.096000435
Ceratopogonidae,Larvae,4.39,12,below,fish,fish,warmbold_2014,8/8/2014,benthic,0.0025,2.469,0.096423948,1,lw_regression,0.096423948
Chironomidae,Pupae,4.59,1,below,fish,fish,warmbold_2014,8/8/2014,benthic,0.0018,2.617,0.097103817,1,lw_regression,0.097103817
Chironomidae,Larvae,4.59,11,below,no fish,no fish,warmbold_2014,8/8/2014,benthic,0.0018,2.617,0.097103817,1,lw_regression,0.097103817
Ceratopogonidae,Larvae,4.41,3,below,fish,fish,warmbold_2014,8/8/2014,benthic,0.0025,2.469,0.097512185,1,lw_regression,0.097512185
Ceratopogonidae,Larvae,4.42,9,below,fish,fish,warmbold_2014,8/8/2014,benthic,0.0025,2.469,0.09805903,1,lw_regression,0.09805903
Chironomidae,Pupae,4.61,12,below,fish,fish,warmbold_2014,8/8/2014,benthic,0.0018,2.617,0.098215001,1,lw_regression,0.098215001
Chironomidae,Pupae,4.62,10,below,fish,fish,warmbold_2014,8/8/2014,benthic,0.0018,2.617,0.098773525,1,lw_regression,0.098773525
Chironomidae,Larvae,4.62,11,below,no fish,no fish,warmbold_2014,8/8/2014,benthic,0.0018,2.617,0.098773525,1,lw_regression,0.098773525
Chironomidae,Larvae,4.64,7,below,fish,fish,warmbold_2014,8/8/2014,benthic,0.0018,2.617,0.099896451,1,lw_regression,0.099896451
Chironomidae,Larvae,4.64,15,below,no fish,no fish,warmbold_2014,8/8/2014,benthic,0.0018,2.617,0.099896451,1,lw_regression,0.099896451
Chironomidae,Pupae,4.65,12,below,fish,fish,warmbold_2014,8/8/2014,benthic,0.0018,2.617,0.100460858,1,lw_regression,0.100460858
Chironomidae,Larvae,4.67,1,below,fish,fish,warmbold_2014,8/8/2014,benthic,0.0018,2.617,0.101595572,1,lw_regression,0.101595572
Chironomidae,Pupae,4.67,4,below,no fish,no fish,warmbold_2014,8/8/2014,benthic,0.0018,2.617,0.101595572,1,lw_regression,0.101595572
Caenidae,Larvae,2.89,12,below,fish,fish,warmbold_2014,8/8/2014,benthic,0.0054,2.772,0.102329907,1,lw_regression,0.102329907
Ceratopogonidae,Larvae,4.51,7,below,fish,fish,warmbold_2014,8/8/2014,benthic,0.0025,2.469,0.103062789,1,lw_regression,0.103062789
Chironomidae,Larvae,4.7,5,below,fish,fish,warmbold_2014,8/8/2014,benthic,0.0018,2.617,0.103312435,1,lw_regression,0.103312435
Chironomidae,Larvae,4.71,7,below,fish,fish,warmbold_2014,8/8/2014,benthic,0.0018,2.617,0.103888678,1,lw_regression,0.103888678
Caenidae,Larvae,2.91,8,below,fish,fish,warmbold_2014,8/8/2014,benthic,0.0054,2.772,0.104304999,1,lw_regression,0.104304999
Chironomidae,Larvae,4.72,7,below,fish,fish,warmbold_2014,8/8/2014,benthic,0.0018,2.617,0.104466902,1,lw_regression,0.104466902
Chironomidae,Pupae,4.75,1,below,fish,fish,warmbold_2014,8/8/2014,benthic,0.0018,2.617,0.106213491,1,lw_regression,0.106213491
Chironomidae,Larvae,4.75,9,below,fish,fish,warmbold_2014,8/8/2014,benthic,0.0018,2.617,0.106213491,1,lw_regression,0.106213491
Chironomidae,Larvae,4.77,1,below,fish,fish,warmbold_2014,8/8/2014,benthic,0.0018,2.617,0.107387839,1,lw_regression,0.107387839
Chironomidae,Larvae,4.77,12,below,fish,fish,warmbold_2014,8/8/2014,benthic,0.0018,2.617,0.107387839,1,lw_regression,0.107387839
Chironomidae,Larvae,4.78,12,below,fish,fish,warmbold_2014,8/8/2014,benthic,0.0018,2.617,0.107978008,1,lw_regression,0.107978008
Ceratopogonidae,Larvae,4.6,12,below,fish,fish,warmbold_2014,8/8/2014,benthic,0.0025,2.469,0.108215406,1,lw_regression,0.108215406
Chironomidae,Pupae,4.8,2,below,fish,fish,warmbold_2014,8/8/2014,benthic,0.0018,2.617,0.109164348,1,lw_regression,0.109164348
Corixidae,Larvae,3.41,12,below,fish,fish,warmbold_2014,8/8/2014,benthic,0.0031,2.904,0.109264834,1,lw_regression,0.109264834
Chironomidae,Larvae,4.83,7,below,fish,fish,warmbold_2014,8/8/2014,benthic,0.0018,2.617,0.110958901,1,lw_regression,0.110958901
Chironomidae,Pupae,4.83,11,below,no fish,no fish,warmbold_2014,8/8/2014,benthic,0.0018,2.617,0.110958901,1,lw_regression,0.110958901
Corixidae,Larvae,3.43,15,below,no fish,no fish,warmbold_2014,8/8/2014,benthic,0.0031,2.904,0.11113627,1,lw_regression,0.11113627
Chironomidae,Pupae,4.85,1,below,fish,fish,warmbold_2014,8/8/2014,benthic,0.0018,2.617,0.112165329,1,lw_regression,0.112165329
Chironomidae,Larvae,4.85,12,below,fish,fish,warmbold_2014,8/8/2014,benthic,0.0018,2.617,0.112165329,1,lw_regression,0.112165329
Chironomidae,Larvae,4.88,7,below,fish,fish,warmbold_2014,8/8/2014,benthic,0.0018,2.617,0.113990112,1,lw_regression,0.113990112
Chironomidae,Larvae,4.88,14,below,no fish,no fish,warmbold_2014,8/8/2014,benthic,0.0018,2.617,0.113990112,1,lw_regression,0.113990112
Chironomidae,Larvae,4.89,10,below,fish,fish,warmbold_2014,8/8/2014,benthic,0.0018,2.617,0.11460242,1,lw_regression,0.11460242
Chironomidae,Pupae,4.9,4,below,no fish,no fish,warmbold_2014,8/8/2014,benthic,0.0018,2.617,0.115216757,1,lw_regression,0.115216757
Caenidae,Larvae,3.02,7,below,fish,fish,warmbold_2014,8/8/2014,benthic,0.0054,2.772,0.115604038,1,lw_regression,0.115604038
Chironomidae,Larvae,4.91,7,below,fish,fish,warmbold_2014,8/8/2014,benthic,0.0018,2.617,0.115833124,1,lw_regression,0.115833124
Ceratopogonidae,Larvae,4.73,14,below,no fish,no fish,warmbold_2014,8/8/2014,benthic,0.0025,2.469,0.115923682,1,lw_regression,0.115923682
Chironomidae,Larvae,4.93,2,below,fish,fish,warmbold_2014,8/8/2014,benthic,0.0018,2.617,0.117071961,1,lw_regression,0.117071961
Chironomidae,Larvae,4.935,10,above,ambient,fish,reu_2017,6/26/2017,benthic,0.0018,2.617,0.117382943,1,lw_regression,0.117382943
Chironomidae,Larvae,4.94,7,below,fish,fish,warmbold_2014,8/8/2014,benthic,0.0018,2.617,0.117694436,1,lw_regression,0.117694436
Chironomidae,Pupae,4.97,5,below,fish,fish,warmbold_2014,8/8/2014,benthic,0.0018,2.617,0.119574115,1,lw_regression,0.119574115
Ceratopogonidae,Larvae,4.79,2,below,fish,fish,warmbold_2014,8/8/2014,benthic,0.0025,2.469,0.119588217,1,lw_regression,0.119588217
Ceratopogonidae,Larvae,4.79,12,below,fish,fish,warmbold_2014,8/8/2014,benthic,0.0025,2.469,0.119588217,1,lw_regression,0.119588217
Chironomidae,Pupae,4.99,1,below,fish,fish,warmbold_2014,8/8/2014,benthic,0.0018,2.617,0.120837473,1,lw_regression,0.120837473
Chironomidae,Pupae,4.99,4,below,no fish,no fish,warmbold_2014,8/8/2014,benthic,0.0018,2.617,0.120837473,1,lw_regression,0.120837473
Chironomidae,Pupae,5.01,5,below,fish,fish,warmbold_2014,8/8/2014,benthic,0.0018,2.617,0.122109045,1,lw_regression,0.122109045
Chironomidae,Larvae,5.02,8,below,fish,fish,warmbold_2014,8/8/2014,benthic,0.0018,2.617,0.122747918,1,lw_regression,0.122747918
Caenidae,Larvae,3.09,8,below,fish,fish,warmbold_2014,8/8/2014,benthic,0.0054,2.772,0.123185237,1,lw_regression,0.123185237
Chironomidae,Pupae,5.03,12,below,fish,fish,warmbold_2014,8/8/2014,benthic,0.0018,2.617,0.123388852,1,lw_regression,0.123388852
Chironomidae,Larvae,5.04,13,below,no fish,no fish,warmbold_2014,8/8/2014,benthic,0.0018,2.617,0.124031849,1,lw_regression,0.124031849
Chironomidae,Larvae,5.07,9,below,fish,fish,warmbold_2014,8/8/2014,benthic,0.0018,2.617,0.12597325,1,lw_regression,0.12597325
Chironomidae,Pupae,5.08,4,below,no fish,no fish,warmbold_2014,8/8/2014,benthic,0.0018,2.617,0.126624528,1,lw_regression,0.126624528
Ceratopogonidae,Larvae,4.93,10,below,fish,fish,warmbold_2014,8/8/2014,benthic,0.0025,2.469,0.128404148,1,lw_regression,0.128404148
Ceratopogonidae,Larvae,4.95,10,below,fish,fish,warmbold_2014,8/8/2014,benthic,0.0025,2.469,0.129694107,1,lw_regression,0.129694107
Baetidae,Larvae,3.05,12,below,fish,fish,warmbold_2014,8/8/2014,benthic,0.0053,2.875,0.130809085,1,lw_regression,0.130809085
Chironomidae,Larvae,5.15,12,below,fish,fish,warmbold_2014,8/8/2014,benthic,0.0018,2.617,0.131241753,1,lw_regression,0.131241753
Chironomidae,Larvae,5.16,13,below,no fish,no fish,warmbold_2014,8/8/2014,benthic,0.0018,2.617,0.131909713,1,lw_regression,0.131909713
Chironomidae,Larvae,5.18,7,below,fish,fish,warmbold_2014,8/8/2014,benthic,0.0018,2.617,0.133251923,1,lw_regression,0.133251923
Chironomidae,Larvae,5.22,9,below,fish,fish,warmbold_2014,8/8/2014,benthic,0.0018,2.617,0.135961583,1,lw_regression,0.135961583
Chironomidae,Pupae,5.22,10,below,fish,fish,warmbold_2014,8/8/2014,benthic,0.0018,2.617,0.135961583,1,lw_regression,0.135961583
Corixidae,Larvae,3.68,15,below,no fish,no fish,warmbold_2014,8/8/2014,benthic,0.0031,2.904,0.136327591,1,lw_regression,0.136327591
Chironomidae,Larvae,5.232,2,above,cage_ctrl,fish,reu_2017,6/26/2017,benthic,0.0018,2.617,0.136781061,1,lw_regression,0.136781061
Ceratopogonidae,Larvae,5.06,1,below,fish,fish,warmbold_2014,8/8/2014,benthic,0.0025,2.469,0.13692654,1,lw_regression,0.13692654
Chironomidae,Larvae,5.24,7,below,fish,fish,warmbold_2014,8/8/2014,benthic,0.0018,2.617,0.137329071,1,lw_regression,0.137329071
Chironomidae,Larvae,5.27,15,below,no fish,no fish,warmbold_2014,8/8/2014,benthic,0.0018,2.617,0.139396184,1,lw_regression,0.139396184
Chironomidae,Larvae,5.28,15,below,no fish,no fish,warmbold_2014,8/8/2014,benthic,0.0018,2.617,0.140089466,1,lw_regression,0.140089466
Ceratopogonidae,Larvae,5.12,9,below,fish,fish,warmbold_2014,8/8/2014,benthic,0.0025,2.469,0.140970273,1,lw_regression,0.140970273
Ceratopogonidae,Larvae,5.13,2,below,fish,fish,warmbold_2014,8/8/2014,benthic,0.0025,2.469,0.141651045,1,lw_regression,0.141651045
Ceratopogonidae,Larvae,5.13,3,below,fish,fish,warmbold_2014,8/8/2014,benthic,0.0025,2.469,0.141651045,1,lw_regression,0.141651045
Chironomidae,Larvae,5.32,7,below,fish,fish,warmbold_2014,8/8/2014,benthic,0.0018,2.617,0.142883884,1,lw_regression,0.142883884
Chironomidae,Larvae,5.34,5,below,fish,fish,warmbold_2014,8/8/2014,benthic,0.0018,2.617,0.144293901,1,lw_regression,0.144293901
Caenidae,Larvae,3.28,11,below,no fish,no fish,warmbold_2014,8/8/2014,benthic,0.0054,2.772,0.145343647,1,lw_regression,0.145343647
Ceratopogonidae,Larvae,5.23,1,below,fish,fish,warmbold_2014,8/8/2014,benthic,0.0025,2.469,0.148566427,1,lw_regression,0.148566427
Chironomidae,Larvae,5.4,4,below,no fish,no fish,warmbold_2014,8/8/2014,benthic,0.0018,2.617,0.148575423,1,lw_regression,0.148575423
Chironomidae,Larvae,5.41,4,below,no fish,no fish,warmbold_2014,8/8/2014,benthic,0.0018,2.617,0.149296542,1,lw_regression,0.149296542
Chironomidae,Larvae,5.42,3,below,fish,fish,warmbold_2014,8/8/2014,benthic,0.0018,2.617,0.150019819,1,lw_regression,0.150019819
Chironomidae,Larvae,5.42,7,below,fish,fish,warmbold_2014,8/8/2014,benthic,0.0018,2.617,0.150019819,1,lw_regression,0.150019819
Ceratopogonidae,Larvae,5.27,11,below,no fish,no fish,warmbold_2014,8/8/2014,benthic,0.0025,2.469,0.15138764,1,lw_regression,0.15138764
Ceratopogonidae,Larvae,5.28,1,below,fish,fish,warmbold_2014,8/8/2014,benthic,0.0025,2.469,0.152097881,1,lw_regression,0.152097881
Chironomidae,Larvae,5.45,1,below,fish,fish,warmbold_2014,8/8/2014,benthic,0.0018,2.617,0.152202628,1,lw_regression,0.152202628
Chironomidae,Larvae,5.47,1,below,fish,fish,warmbold_2014,8/8/2014,benthic,0.0018,2.617,0.153668672,1,lw_regression,0.153668672
Chironomidae,Larvae,5.47,7,below,fish,fish,warmbold_2014,8/8/2014,benthic,0.0018,2.617,0.153668672,1,lw_regression,0.153668672
Chironomidae,Larvae,5.47,11,below,no fish,no fish,warmbold_2014,8/8/2014,benthic,0.0018,2.617,0.153668672,1,lw_regression,0.153668672
Chironomidae,Larvae,5.48,7,below,fish,fish,warmbold_2014,8/8/2014,benthic,0.0018,2.617,0.154404953,1,lw_regression,0.154404953
Chironomidae,Pupae,5.5,5,below,fish,fish,warmbold_2014,8/8/2014,benthic,0.0018,2.617,0.155884044,1,lw_regression,0.155884044
Chironomidae,Larvae,5.51,1,below,fish,fish,warmbold_2014,8/8/2014,benthic,0.0018,2.617,0.156626859,1,lw_regression,0.156626859
Chironomidae,Pupae,5.52,8,below,fish,fish,warmbold_2014,8/8/2014,benthic,0.0018,2.617,0.157371858,1,lw_regression,0.157371858
Chironomidae,Pupae,5.56,7,below,fish,fish,warmbold_2014,8/8/2014,benthic,0.0018,2.617,0.160373732,1,lw_regression,0.160373732
Chironomidae,Larvae,5.566,6,below,ambient,fish,reu_2017,6/26/2017,benthic,0.0018,2.617,0.160827038,1,lw_regression,0.160827038
Ceratopogonidae,Larvae,5.44,9,below,fish,fish,warmbold_2014,8/8/2014,benthic,0.0025,2.469,0.163732047,1,lw_regression,0.163732047
Chironomidae,Larvae,5.61,11,below,no fish,no fish,warmbold_2014,8/8/2014,benthic,0.0018,2.617,0.164175487,1,lw_regression,0.164175487
Ceratopogonidae,Larvae,5.47,9,below,fish,fish,warmbold_2014,8/8/2014,benthic,0.0025,2.469,0.165970429,1,lw_regression,0.165970429
Chironomidae,Larvae,5.65,3,below,fish,fish,warmbold_2014,8/8/2014,benthic,0.0018,2.617,0.167256611,1,lw_regression,0.167256611
Ceratopogonidae,Larvae,5.52,3,below,fish,fish,warmbold_2014,8/8/2014,benthic,0.0025,2.469,0.169741326,1,lw_regression,0.169741326
Chironomidae,Larvae,5.79,11,below,no fish,no fish,warmbold_2014,8/8/2014,benthic,0.0018,2.617,0.178320924,1,lw_regression,0.178320924
Chironomidae,Larvae,5.824,3,above,exc,no fish,reu_2017,6/26/2017,benthic,0.0018,2.617,0.181074302,1,lw_regression,0.181074302
Ceratopogonidae,Larvae,5.67,1,below,fish,fish,warmbold_2014,8/8/2014,benthic,0.0025,2.469,0.181357943,1,lw_regression,0.181357943
Ceratopogonidae,Larvae,5.68,11,below,no fish,no fish,warmbold_2014,8/8/2014,benthic,0.0025,2.469,0.182148689,1,lw_regression,0.182148689
Chironomidae,Larvae,5.85,4,below,no fish,no fish,warmbold_2014,8/8/2014,benthic,0.0018,2.617,0.183197443,1,lw_regression,0.183197443
Chironomidae,Larvae,5.88,10,below,fish,fish,warmbold_2014,8/8/2014,benthic,0.0018,2.617,0.185666251,1,lw_regression,0.185666251
Ceratopogonidae,Larvae,5.73,4,below,no fish,no fish,warmbold_2014,8/8/2014,benthic,0.0025,2.469,0.186133169,1,lw_regression,0.186133169
Chironomidae,Pupae,5.92,7,below,fish,fish,warmbold_2014,8/8/2014,benthic,0.0018,2.617,0.18898982,1,lw_regression,0.18898982
Chironomidae,Larvae,5.93,8,below,fish,fish,warmbold_2014,8/8/2014,benthic,0.0018,2.617,0.189826411,1,lw_regression,0.189826411
Chironomidae,Larvae,5.93,9,below,fish,fish,warmbold_2014,8/8/2014,benthic,0.0018,2.617,0.189826411,1,lw_regression,0.189826411
Chironomidae,Larvae,5.954,5,below,exc,no fish,reu_2017,6/26/2017,benthic,0.0018,2.617,0.191843555,1,lw_regression,0.191843555
Ceratopogonidae,Larvae,5.86,11,below,no fish,no fish,warmbold_2014,8/8/2014,benthic,0.0025,2.469,0.19673391,1,lw_regression,0.19673391
Ceratopogonidae,Larvae,5.9,5,below,fish,fish,warmbold_2014,8/8/2014,benthic,0.0025,2.469,0.200066155,1,lw_regression,0.200066155
Chironomidae,Larvae,6.06,8,below,fish,fish,warmbold_2014,8/8/2014,benthic,0.0018,2.617,0.200910837,1,lw_regression,0.200910837
Chironomidae,Larvae,6.07,8,below,fish,fish,warmbold_2014,8/8/2014,benthic,0.0018,2.617,0.201779625,1,lw_regression,0.201779625
Ceratopogonidae,Larvae,5.98,8,below,fish,fish,warmbold_2014,8/8/2014,benthic,0.0025,2.469,0.20683081,1,lw_regression,0.20683081
Ceratopogonidae,Larvae,5.99,5,below,fish,fish,warmbold_2014,8/8/2014,benthic,0.0025,2.469,0.207685814,1,lw_regression,0.207685814
Chironomidae,Larvae,6.14,10,below,fish,fish,warmbold_2014,8/8/2014,benthic,0.0018,2.617,0.20792616,1,lw_regression,0.20792616
Chironomidae,Larvae,6.14,14,below,no fish,no fish,warmbold_2014,8/8/2014,benthic,0.0018,2.617,0.20792616,1,lw_regression,0.20792616
Chironomidae,Larvae,6.17,12,below,fish,fish,warmbold_2014,8/8/2014,benthic,0.0018,2.617,0.210595351,1,lw_regression,0.210595351
Ceratopogonidae,Larvae,6.03,6,below,fish,fish,warmbold_2014,8/8/2014,benthic,0.0025,2.469,0.211126842,1,lw_regression,0.211126842
Ceratopogonidae,Larvae,6.05,2,below,fish,fish,warmbold_2014,8/8/2014,benthic,0.0025,2.469,0.212859986,1,lw_regression,0.212859986
Chironomidae,Larvae,6.224,2,above,cage_ctrl,fish,reu_2017,6/26/2017,benthic,0.0018,2.617,0.21545303,1,lw_regression,0.21545303
Ceratopogonidae,Larvae,6.1,14,below,no fish,no fish,warmbold_2014,8/8/2014,benthic,0.0025,2.469,0.217229784,1,lw_regression,0.217229784
Chironomidae,Larvae,6.25,5,below,fish,fish,warmbold_2014,8/8/2014,benthic,0.0018,2.617,0.217816367,1,lw_regression,0.217816367
Ceratopogonidae,Larvae,6.11,5,below,fish,fish,warmbold_2014,8/8/2014,benthic,0.0025,2.469,0.21811009,1,lw_regression,0.21811009
Ceratopogonidae,Larvae,6.16,8,below,fish,fish,warmbold_2014,8/8/2014,benthic,0.0025,2.469,0.222543435,1,lw_regression,0.222543435
Ceratopogonidae,Larvae,6.18,1,below,fish,fish,warmbold_2014,8/8/2014,benthic,0.0025,2.469,0.224331652,1,lw_regression,0.224331652
Ceratopogonidae,Larvae,6.2,3,below,fish,fish,warmbold_2014,8/8/2014,benthic,0.0025,2.469,0.22612839,1,lw_regression,0.22612839
Ceratopogonidae,Larvae,6.21,10,below,fish,fish,warmbold_2014,8/8/2014,benthic,0.0025,2.469,0.227029958,1,lw_regression,0.227029958
Chironomidae,Larvae,6.38,14,below,no fish,no fish,warmbold_2014,8/8/2014,benthic,0.0018,2.617,0.229873136,1,lw_regression,0.229873136
Ceratopogonidae,Larvae,6.31,12,below,fish,fish,warmbold_2014,8/8/2014,benthic,0.0025,2.469,0.236163348,1,lw_regression,0.236163348
Corixidae,Adults,4.46,2,below,fish,fish,warmbold_2014,8/8/2014,benthic,0.0031,2.904,0.238248472,1,lw_regression,0.238248472
Ceratopogonidae,Larvae,6.35,10,below,fish,fish,warmbold_2014,8/8/2014,benthic,0.0025,2.469,0.23987685,1,lw_regression,0.23987685
Caenidae,Larvae,3.93,1,below,fish,fish,warmbold_2014,8/8/2014,benthic,0.0054,2.772,0.239910861,1,lw_regression,0.239910861
Ceratopogonidae,Larvae,6.36,1,below,fish,fish,warmbold_2014,8/8/2014,benthic,0.0025,2.469,0.240810615,1,lw_regression,0.240810615
Ceratopogonidae,Larvae,6.37,11,below,no fish,no fish,warmbold_2014,8/8/2014,benthic,0.0025,2.469,0.24174654,1,lw_regression,0.24174654
Chironomidae,Larvae,6.52,3,below,fish,fish,warmbold_2014,8/8/2014,benthic,0.0018,2.617,0.243309162,1,lw_regression,0.243309162
Chironomidae,Larvae,6.53,2,below,fish,fish,warmbold_2014,8/8/2014,benthic,0.0018,2.617,0.244286969,1,lw_regression,0.244286969
Caenidae,Larvae,4,7,below,fish,fish,warmbold_2014,8/8/2014,benthic,0.0054,2.772,0.251944021,1,lw_regression,0.251944021
Chironomidae,Larvae,6.67,7,below,fish,fish,warmbold_2014,8/8/2014,benthic,0.0018,2.617,0.258231853,1,lw_regression,0.258231853
Chironomidae,Larvae,6.68,15,below,no fish,no fish,warmbold_2014,8/8/2014,benthic,0.0018,2.617,0.259246265,1,lw_regression,0.259246265
Chironomidae,Pupae,6.75,2,below,fish,fish,warmbold_2014,8/8/2014,benthic,0.0018,2.617,0.266416107,1,lw_regression,0.266416107
Chironomidae,Larvae,6.78,3,below,fish,fish,warmbold_2014,8/8/2014,benthic,0.0018,2.617,0.269525968,1,lw_regression,0.269525968
Ceratopogonidae,Larvae,6.74,8,below,fish,fish,warmbold_2014,8/8/2014,benthic,0.0025,2.469,0.277908156,1,lw_regression,0.277908156
Ceratopogonidae,Larvae,6.74,4,below,no fish,no fish,warmbold_2014,8/8/2014,benthic,0.0025,2.469,0.277908156,1,lw_regression,0.277908156
Ceratopogonidae,Larvae,6.79,5,below,fish,fish,warmbold_2014,8/8/2014,benthic,0.0025,2.469,0.283026096,1,lw_regression,0.283026096
Chironomidae,Pupae,6.91,7,below,fish,fish,warmbold_2014,8/8/2014,benthic,0.0018,2.617,0.283260851,1,lw_regression,0.283260851
Chironomidae,Larvae,7,2,below,fish,fish,warmbold_2014,8/8/2014,benthic,0.0018,2.617,0.293017849,1,lw_regression,0.293017849
Ceratopogonidae,Larvae,6.92,3,below,fish,fish,warmbold_2014,8/8/2014,benthic,0.0025,2.469,0.296593723,1,lw_regression,0.296593723
Ceratopogonidae,Larvae,6.92,7,below,fish,fish,warmbold_2014,8/8/2014,benthic,0.0025,2.469,0.296593723,1,lw_regression,0.296593723
Ceratopogonidae,Larvae,6.93,5,below,fish,fish,warmbold_2014,8/8/2014,benthic,0.0025,2.469,0.297653069,1,lw_regression,0.297653069
Ceratopogonidae,Larvae,6.98,7,below,fish,fish,warmbold_2014,8/8/2014,benthic,0.0025,2.469,0.302983548,1,lw_regression,0.302983548
Ceratopogonidae,Larvae,7.01,5,below,fish,fish,warmbold_2014,8/8/2014,benthic,0.0025,2.469,0.30620889,1,lw_regression,0.30620889
Ceratopogonidae,Larvae,7.02,3,below,fish,fish,warmbold_2014,8/8/2014,benthic,0.0025,2.469,0.307288522,1,lw_regression,0.307288522
Chironomidae,Larvae,7.13,8,below,fish,fish,warmbold_2014,8/8/2014,benthic,0.0018,2.617,0.30747358,1,lw_regression,0.30747358
Ceratopogonidae,Larvae,7.04,10,below,fish,fish,warmbold_2014,8/8/2014,benthic,0.0025,2.469,0.309454572,1,lw_regression,0.309454572
Chironomidae,Larvae,7.15,11,below,no fish,no fish,warmbold_2014,8/8/2014,benthic,0.0018,2.617,0.309735808,1,lw_regression,0.309735808
Ceratopogonidae,Larvae,7.05,10,below,fish,fish,warmbold_2014,8/8/2014,benthic,0.0025,2.469,0.310540994,1,lw_regression,0.310540994
Chironomidae,Larvae,7.16,7,below,fish,fish,warmbold_2014,8/8/2014,benthic,0.0018,2.617,0.310870767,1,lw_regression,0.310870767
Caenidae,Larvae,4.33,12,below,fish,fish,warmbold_2014,8/8/2014,benthic,0.0054,2.772,0.313861617,1,lw_regression,0.313861617
Ceratopogonidae,Larvae,7.14,7,below,fish,fish,warmbold_2014,8/8/2014,benthic,0.0025,2.469,0.320420943,1,lw_regression,0.320420943
Chironomidae,Larvae,7.28,7,below,fish,fish,warmbold_2014,8/8/2014,benthic,0.0018,2.617,0.324691055,1,lw_regression,0.324691055
Chironomidae,Larvae,7.29,12,below,fish,fish,warmbold_2014,8/8/2014,benthic,0.0018,2.617,0.325859545,1,lw_regression,0.325859545
Ceratopogonidae,Larvae,7.19,11,below,no fish,no fish,warmbold_2014,8/8/2014,benthic,0.0025,2.469,0.32598952,1,lw_regression,0.32598952
Ceratopogonidae,Larvae,7.27,4,below,no fish,no fish,warmbold_2014,8/8/2014,benthic,0.0025,2.469,0.335018253,1,lw_regression,0.335018253
Chironomidae,Pupae,7.4,12,below,fish,fish,warmbold_2014,8/8/2014,benthic,0.0018,2.617,0.338884664,1,lw_regression,0.338884664
Chironomidae,Larvae,7.409,3,above,exc,no fish,reu_2017,6/26/2017,benthic,0.0018,2.617,0.33996434,1,lw_regression,0.33996434
Chironomidae,Larvae,7.42,2,below,fish,fish,warmbold_2014,8/8/2014,benthic,0.0018,2.617,0.341286827,1,lw_regression,0.341286827
Chironomidae,Larvae,7.43,9,below,fish,fish,warmbold_2014,8/8/2014,benthic,0.0018,2.617,0.342491842,1,lw_regression,0.342491842
Chironomidae,Larvae,7.52,5,below,fish,fish,warmbold_2014,8/8/2014,benthic,0.0018,2.617,0.353455378,1,lw_regression,0.353455378
Ceratopogonidae,Larvae,7.43,6,below,fish,fish,warmbold_2014,8/8/2014,benthic,0.0025,2.469,0.353517885,1,lw_regression,0.353517885
Chironomidae,Larvae,7.556,4,above,ambient,fish,reu_2017,6/26/2017,benthic,0.0018,2.617,0.357900691,1,lw_regression,0.357900691
Ceratopogonidae,Larvae,7.48,4,below,no fish,no fish,warmbold_2014,8/8/2014,benthic,0.0025,2.469,0.359420674,1,lw_regression,0.359420674
Chironomidae,Larvae,7.58,14,below,no fish,no fish,warmbold_2014,8/8/2014,benthic,0.0018,2.617,0.360883326,1,lw_regression,0.360883326
Ceratopogonidae,Larvae,7.5,3,below,fish,fish,warmbold_2014,8/8/2014,benthic,0.0025,2.469,0.361798088,1,lw_regression,0.361798088
Chironomidae,Larvae,7.59,4,below,no fish,no fish,warmbold_2014,8/8/2014,benthic,0.0018,2.617,0.362130607,1,lw_regression,0.362130607
Ceratopogonidae,Larvae,7.52,2,below,fish,fish,warmbold_2014,8/8/2014,benthic,0.0025,2.469,0.364184835,1,lw_regression,0.364184835
Ceratopogonidae,Larvae,7.54,3,below,fish,fish,warmbold_2014,8/8/2014,benthic,0.0025,2.469,0.366580924,1,lw_regression,0.366580924
Ceratopogonidae,Larvae,7.54,3,below,fish,fish,warmbold_2014,8/8/2014,benthic,0.0025,2.469,0.366580924,1,lw_regression,0.366580924
Ceratopogonidae,Larvae,7.57,12,below,fish,fish,warmbold_2014,8/8/2014,benthic,0.0025,2.469,0.370192602,1,lw_regression,0.370192602
Ceratopogonidae,Larvae,7.62,5,below,fish,fish,warmbold_2014,8/8/2014,benthic,0.0025,2.469,0.376258945,1,lw_regression,0.376258945
Ceratopogonidae,Larvae,7.62,10,below,fish,fish,warmbold_2014,8/8/2014,benthic,0.0025,2.469,0.376258945,1,lw_regression,0.376258945
Chironomidae,Larvae,7.75,10,below,fish,fish,warmbold_2014,8/8/2014,benthic,0.0018,2.617,0.382450348,1,lw_regression,0.382450348
Ceratopogonidae,Larvae,7.76,11,below,no fish,no fish,warmbold_2014,8/8/2014,benthic,0.0025,2.469,0.393557867,1,lw_regression,0.393557867
Ceratopogonidae,Larvae,7.77,8,below,fish,fish,warmbold_2014,8/8/2014,benthic,0.0025,2.469,0.394811236,1,lw_regression,0.394811236
Ceratopogonidae,Larvae,7.86,10,below,fish,fish,warmbold_2014,8/8/2014,benthic,0.0025,2.469,0.406198462,1,lw_regression,0.406198462
Chironomidae,Larvae,7.99,4,below,no fish,no fish,warmbold_2014,8/8/2014,benthic,0.0018,2.617,0.414226068,1,lw_regression,0.414226068
Caenidae,Larvae,4.79,7,below,fish,fish,warmbold_2014,8/8/2014,benthic,0.0054,2.772,0.415225296,1,lw_regression,0.415225296
Chironomidae,Larvae,8.01,7,below,fish,fish,warmbold_2014,8/8/2014,benthic,0.0018,2.617,0.416945028,1,lw_regression,0.416945028
Chironomidae,Larvae,8.032,3,above,exc,no fish,reu_2017,6/26/2017,benthic,0.0018,2.617,0.41994859,1,lw_regression,0.41994859
Caenidae,Larvae,4.81,10,below,fish,fish,warmbold_2014,8/8/2014,benthic,0.0054,2.772,0.420048958,1,lw_regression,0.420048958
Chironomidae,Larvae,8.045,6,above,exc,no fish,reu_2017,6/26/2017,benthic,0.0018,2.617,0.421729687,1,lw_regression,0.421729687
Ceratopogonidae,Larvae,8.03,8,below,fish,fish,warmbold_2014,8/8/2014,benthic,0.0025,2.469,0.428235523,1,lw_regression,0.428235523
Caenidae,Larvae,4.85,8,below,fish,fish,warmbold_2014,8/8/2014,benthic,0.0054,2.772,0.429803412,1,lw_regression,0.429803412
Chironomidae,Larvae,8.12,10,below,fish,fish,warmbold_2014,8/8/2014,benthic,0.0018,2.617,0.432096386,1,lw_regression,0.432096386
Caenidae,Larvae,4.86,12,below,fish,fish,warmbold_2014,8/8/2014,benthic,0.0054,2.772,0.432264428,1,lw_regression,0.432264428
Ceratopogonidae,Larvae,8.12,4,below,no fish,no fish,warmbold_2014,8/8/2014,benthic,0.0025,2.469,0.440183587,1,lw_regression,0.440183587
Chironomidae,Larvae,8.2,7,below,fish,fish,warmbold_2014,8/8/2014,benthic,0.0018,2.617,0.443326158,1,lw_regression,0.443326158
Ceratopogonidae,Larvae,8.15,7,below,fish,fish,warmbold_2014,8/8/2014,benthic,0.0025,2.469,0.444209809,1,lw_regression,0.444209809
Ceratopogonidae,Larvae,8.23,4,below,no fish,no fish,warmbold_2014,8/8/2014,benthic,0.0025,2.469,0.45505323,1,lw_regression,0.45505323
Chironomidae,Larvae,8.3,1,below,fish,fish,warmbold_2014,8/8/2014,benthic,0.0018,2.617,0.457614601,1,lw_regression,0.457614601
Chironomidae,Larvae,8.375,3,above,exc,no fish,reu_2017,6/26/2017,benthic,0.0018,2.617,0.468515289,1,lw_regression,0.468515289
Chironomidae,Larvae,8.38,1,below,fish,fish,warmbold_2014,8/8/2014,benthic,0.0018,2.617,0.469247645,1,lw_regression,0.469247645
Caenidae,Larvae,5.04,12,below,fish,fish,warmbold_2014,8/8/2014,benthic,0.0054,2.772,0.47811372,1,lw_regression,0.47811372
Chironomidae,Pupae,8.54,2,below,fish,fish,warmbold_2014,8/8/2014,benthic,0.0018,2.617,0.493057708,1,lw_regression,0.493057708
Chironomidae,Pupae,8.64,6,below,fish,fish,warmbold_2014,8/8/2014,benthic,0.0018,2.617,0.508310369,1,lw_regression,0.508310369
Chironomidae,Larvae,8.64,8,below,fish,fish,warmbold_2014,8/8/2014,benthic,0.0018,2.617,0.508310369,1,lw_regression,0.508310369
Ceratopogonidae,Larvae,8.61,8,below,fish,fish,warmbold_2014,8/8/2014,benthic,0.0025,2.469,0.508701232,1,lw_regression,0.508701232
Ceratopogonidae,Larvae,8.62,9,below,fish,fish,warmbold_2014,8/8/2014,benthic,0.0025,2.469,0.510161226,1,lw_regression,0.510161226
Chironomidae,Larvae,8.66,12,below,fish,fish,warmbold_2014,8/8/2014,benthic,0.0018,2.617,0.511395413,1,lw_regression,0.511395413
Chironomidae,Larvae,8.68,10,below,fish,fish,warmbold_2014,8/8/2014,benthic,0.0018,2.617,0.514492,1,lw_regression,0.514492
Chironomidae,Larvae,8.7,2,below,fish,fish,warmbold_2014,8/8/2014,benthic,0.0018,2.617,0.517600145,1,lw_regression,0.517600145
Chironomidae,Pupae,8.74,4,below,no fish,no fish,warmbold_2014,8/8/2014,benthic,0.0018,2.617,0.523851177,1,lw_regression,0.523851177
Ceratopogonidae,Larvae,8.73,2,below,fish,fish,warmbold_2014,8/8/2014,benthic,0.0025,2.469,0.526385814,1,lw_regression,0.526385814
Ceratopogonidae,Larvae,8.73,12,below,fish,fish,warmbold_2014,8/8/2014,benthic,0.0025,2.469,0.526385814,1,lw_regression,0.526385814
Chironomidae,Pupae,8.77,2,below,fish,fish,warmbold_2014,8/8/2014,benthic,0.0018,2.617,0.528569916,1,lw_regression,0.528569916
Chironomidae,Pupae,8.77,6,below,fish,fish,warmbold_2014,8/8/2014,benthic,0.0018,2.617,0.528569916,1,lw_regression,0.528569916
Ceratopogonidae,Larvae,8.83,11,below,no fish,no fish,warmbold_2014,8/8/2014,benthic,0.0025,2.469,0.541398422,1,lw_regression,0.541398422
Ceratopogonidae,Larvae,8.83,11,below,no fish,no fish,warmbold_2014,8/8/2014,benthic,0.0025,2.469,0.541398422,1,lw_regression,0.541398422
Chironomidae,Larvae,8.873,6,above,exc,no fish,reu_2017,6/26/2017,benthic,0.0018,2.617,0.544970451,1,lw_regression,0.544970451
Caenidae,Larvae,5.29,12,below,fish,fish,warmbold_2014,8/8/2014,benthic,0.0054,2.772,0.54678033,1,lw_regression,0.54678033
Chironomidae,Larvae,8.885,2,above,cage_ctrl,fish,reu_2017,6/26/2017,benthic,0.0018,2.617,0.546901362,1,lw_regression,0.546901362
Chironomidae,Pupae,8.89,6,below,fish,fish,warmbold_2014,8/8/2014,benthic,0.0018,2.617,0.547707154,1,lw_regression,0.547707154
Caenidae,Larvae,5.3,11,below,no fish,no fish,warmbold_2014,8/8/2014,benthic,0.0054,2.772,0.549650301,1,lw_regression,0.549650301
Chironomidae,Pupae,8.91,4,below,no fish,no fish,warmbold_2014,8/8/2014,benthic,0.0018,2.617,0.550937656,1,lw_regression,0.550937656
Chironomidae,Pupae,8.93,5,below,fish,fish,warmbold_2014,8/8/2014,benthic,0.0018,2.617,0.554179904,1,lw_regression,0.554179904
Chironomidae,Pupae,8.95,2,below,fish,fish,warmbold_2014,8/8/2014,benthic,0.0018,2.617,0.557433915,1,lw_regression,0.557433915
Chironomidae,Larvae,8.96,7,below,fish,fish,warmbold_2014,8/8/2014,benthic,0.0018,2.617,0.559065337,1,lw_regression,0.559065337
Chironomidae,Larvae,8.96,15,below,no fish,no fish,warmbold_2014,8/8/2014,benthic,0.0018,2.617,0.559065337,1,lw_regression,0.559065337
Ceratopogonidae,Larvae,8.95,11,below,no fish,no fish,warmbold_2014,8/8/2014,benthic,0.0025,2.469,0.559746108,1,lw_regression,0.559746108
Ceratopogonidae,Larvae,8.97,4,below,no fish,no fish,warmbold_2014,8/8/2014,benthic,0.0025,2.469,0.562839477,1,lw_regression,0.562839477
Chironomidae,Larvae,9,5,below,fish,fish,warmbold_2014,8/8/2014,benthic,0.0018,2.617,0.565620514,1,lw_regression,0.565620514
Chironomidae,Larvae,9.01,8,below,fish,fish,warmbold_2014,8/8/2014,benthic,0.0018,2.617,0.567266691,1,lw_regression,0.567266691
Chironomidae,Pupae,9.02,3,below,fish,fish,warmbold_2014,8/8/2014,benthic,0.0018,2.617,0.568915824,1,lw_regression,0.568915824
Chironomidae,Larvae,9.045,3,above,exc,no fish,reu_2017,6/26/2017,benthic,0.0018,2.617,0.573051609,1,lw_regression,0.573051609
Corixidae,Adults,6.04,6,below,fish,fish,warmbold_2014,8/8/2014,benthic,0.0031,2.904,0.574768506,1,lw_regression,0.574768506
Chironomidae,Pupae,9.1,9,below,fish,fish,warmbold_2014,8/8/2014,benthic,0.0018,2.617,0.582215588,1,lw_regression,0.582215588
Chironomidae,Larvae,9.103,3,above,exc,no fish,reu_2017,6/26/2017,benthic,0.0018,2.617,0.582718027,1,lw_regression,0.582718027
Ceratopogonidae,Larvae,9.1,12,below,fish,fish,warmbold_2014,8/8/2014,benthic,0.0025,2.469,0.583194214,1,lw_regression,0.583194214
Chironomidae,Larvae,9.162,6,below,ambient,fish,reu_2017,6/26/2017,benthic,0.0018,2.617,0.592653819,1,lw_regression,0.592653819
Ceratopogonidae,Larvae,9.16,4,below,no fish,no fish,warmbold_2014,8/8/2014,benthic,0.0025,2.469,0.592734128,1,lw_regression,0.592734128
Chironomidae,Larvae,9.18,1,below,fish,fish,warmbold_2014,8/8/2014,benthic,0.0018,2.617,0.595705763,1,lw_regression,0.595705763
Chironomidae,Larvae,9.201,4,above,ambient,fish,reu_2017,6/26/2017,benthic,0.0018,2.617,0.599278615,1,lw_regression,0.599278615
Caenidae,Larvae,5.47,7,below,fish,fish,warmbold_2014,8/8/2014,benthic,0.0054,2.772,0.599921779,1,lw_regression,0.599921779
Caenidae,Larvae,5.47,11,below,no fish,no fish,warmbold_2014,8/8/2014,benthic,0.0054,2.772,0.599921779,1,lw_regression,0.599921779
Caenidae,Larvae,5.49,7,below,fish,fish,warmbold_2014,8/8/2014,benthic,0.0054,2.772,0.606021872,1,lw_regression,0.606021872
Chironomidae,Larvae,9.255,4,above,ambient,fish,reu_2017,6/26/2017,benthic,0.0018,2.617,0.608526652,1,lw_regression,0.608526652
Corixidae,Adults,6.16,15,below,no fish,no fish,warmbold_2014,8/8/2014,benthic,0.0031,2.904,0.608560951,1,lw_regression,0.608560951
Chironomidae,Larvae,9.28,5,below,fish,fish,warmbold_2014,8/8/2014,benthic,0.0018,2.617,0.61283782,1,lw_regression,0.61283782
Ceratopogonidae,Larvae,9.31,2,below,fish,fish,warmbold_2014,8/8/2014,benthic,0.0025,2.469,0.616988076,1,lw_regression,0.616988076
Ceratopogonidae,Larvae,9.31,5,below,fish,fish,warmbold_2014,8/8/2014,benthic,0.0025,2.469,0.616988076,1,lw_regression,0.616988076
Chironomidae,Larvae,9.31,11,below,no fish,no fish,warmbold_2014,8/8/2014,benthic,0.0018,2.617,0.618036067,1,lw_regression,0.618036067
Chironomidae,Larvae,9.34,1,below,fish,fish,warmbold_2014,8/8/2014,benthic,0.0018,2.617,0.623261471,1,lw_regression,0.623261471
Chironomidae,Larvae,9.34,5,below,fish,fish,warmbold_2014,8/8/2014,benthic,0.0018,2.617,0.623261471,1,lw_regression,0.623261471
Ceratopogonidae,Larvae,9.35,4,below,no fish,no fish,warmbold_2014,8/8/2014,benthic,0.0025,2.469,0.623553722,1,lw_regression,0.623553722
Chironomidae,Larvae,9.36,7,below,fish,fish,warmbold_2014,8/8/2014,benthic,0.0018,2.617,0.626760187,1,lw_regression,0.626760187
Corixidae,Adults,6.24,11,below,no fish,no fish,warmbold_2014,8/8/2014,benthic,0.0031,2.904,0.631797266,1,lw_regression,0.631797266
Ceratopogonidae,Larvae,9.46,5,below,fish,fish,warmbold_2014,8/8/2014,benthic,0.0025,2.469,0.641822924,1,lw_regression,0.641822924
Ceratopogonidae,Larvae,9.47,7,below,fish,fish,warmbold_2014,8/8/2014,benthic,0.0025,2.469,0.643499342,1,lw_regression,0.643499342
Caenidae,Larvae,5.62,7,below,fish,fish,warmbold_2014,8/8/2014,benthic,0.0054,2.772,0.646640388,1,lw_regression,0.646640388
Chironomidae,Pupae,9.48,2,below,fish,fish,warmbold_2014,8/8/2014,benthic,0.0018,2.617,0.648007338,1,lw_regression,0.648007338
Chironomidae,Larvae,9.514,4,above,ambient,fish,reu_2017,6/26/2017,benthic,0.0018,2.617,0.654107097,1,lw_regression,0.654107097
Chironomidae,Larvae,9.58,12,below,fish,fish,warmbold_2014,8/8/2014,benthic,0.0018,2.617,0.666048788,1,lw_regression,0.666048788
Chironomidae,Pupae,9.6,6,below,fish,fish,warmbold_2014,8/8/2014,benthic,0.0018,2.617,0.669693867,1,lw_regression,0.669693867
Chironomidae,Pupae,9.61,6,below,fish,fish,warmbold_2014,8/8/2014,benthic,0.0018,2.617,0.671521019,1,lw_regression,0.671521019
Chironomidae,Pupae,9.62,5,below,fish,fish,warmbold_2014,8/8/2014,benthic,0.0018,2.617,0.673351247,1,lw_regression,0.673351247
Chironomidae,Larvae,9.641,4,above,ambient,fish,reu_2017,6/26/2017,benthic,0.0018,2.617,0.67720475,1,lw_regression,0.67720475
Ceratopogonidae,Larvae,9.68,4,below,no fish,no fish,warmbold_2014,8/8/2014,benthic,0.0025,2.469,0.679307275,1,lw_regression,0.679307275
Chironomidae,Pupae,9.7,5,below,fish,fish,warmbold_2014,8/8/2014,benthic,0.0018,2.617,0.688104081,1,lw_regression,0.688104081
Chironomidae,Larvae,9.7,9,below,fish,fish,warmbold_2014,8/8/2014,benthic,0.0018,2.617,0.688104081,1,lw_regression,0.688104081
Chironomidae,Larvae,9.748,6,below,ambient,fish,reu_2017,6/26/2017,benthic,0.0018,2.617,0.697050788,1,lw_regression,0.697050788
Chironomidae,Pupae,9.81,6,below,fish,fish,warmbold_2014,8/8/2014,benthic,0.0018,2.617,0.708712834,1,lw_regression,0.708712834
Chironomidae,Larvae,9.92,11,below,no fish,no fish,warmbold_2014,8/8/2014,benthic,0.0018,2.617,0.729698664,1,lw_regression,0.729698664
Chironomidae,Pupae,9.94,3,below,fish,fish,warmbold_2014,8/8/2014,benthic,0.0018,2.617,0.733554986,1,lw_regression,0.733554986
Chironomidae,Larvae,10,3,below,fish,fish,warmbold_2014,8/8/2014,benthic,0.0018,2.617,0.745199415,1,lw_regression,0.745199415
Chironomidae,Pupae,10.03,4,below,no fish,no fish,warmbold_2014,8/8/2014,benthic,0.0018,2.617,0.751064175,1,lw_regression,0.751064175
Chironomidae,Pupae,10.07,2,below,fish,fish,warmbold_2014,8/8/2014,benthic,0.0018,2.617,0.758928093,1,lw_regression,0.758928093
Ceratopogonidae,Larvae,10.15,12,below,fish,fish,warmbold_2014,8/8/2014,benthic,0.0025,2.469,0.763668131,1,lw_regression,0.763668131
Chironomidae,Larvae,10.14,9,below,fish,fish,warmbold_2014,8/8/2014,benthic,0.0018,2.617,0.772811958,1,lw_regression,0.772811958
Chironomidae,Larvae,10.15,4,below,no fish,no fish,warmbold_2014,8/8/2014,benthic,0.0018,2.617,0.774808074,1,lw_regression,0.774808074
Chironomidae,Larvae,10.16,9,below,fish,fish,warmbold_2014,8/8/2014,benthic,0.0018,2.617,0.776807373,1,lw_regression,0.776807373
Chironomidae,Larvae,10.21,7,below,fish,fish,warmbold_2014,8/8/2014,benthic,0.0018,2.617,0.786851672,1,lw_regression,0.786851672
Ceratopogonidae,Larvae,10.29,6,below,fish,fish,warmbold_2014,8/8/2014,benthic,0.0025,2.469,0.789939024,1,lw_regression,0.789939024
Ceratopogonidae,Larvae,10.3,12,below,fish,fish,warmbold_2014,8/8/2014,benthic,0.0025,2.469,0.79183577,1,lw_regression,0.79183577
Chironomidae,Pupae,10.32,6,below,fish,fish,warmbold_2014,8/8/2014,benthic,0.0018,2.617,0.809230556,1,lw_regression,0.809230556
Chironomidae,Pupae,10.4,4,below,no fish,no fish,warmbold_2014,8/8/2014,benthic,0.0018,2.617,0.825750326,1,lw_regression,0.825750326
Chironomidae,Larvae,10.43,8,below,fish,fish,warmbold_2014,8/8/2014,benthic,0.0018,2.617,0.831998494,1,lw_regression,0.831998494
Ceratopogonidae,Larvae,10.52,5,below,fish,fish,warmbold_2014,8/8/2014,benthic,0.0025,2.469,0.834251258,1,lw_regression,0.834251258
Chironomidae,Larvae,10.46,3,below,fish,fish,warmbold_2014,8/8/2014,benthic,0.0018,2.617,0.83827579,1,lw_regression,0.83827579
Corixidae,Adults,6.9,12,below,fish,fish,warmbold_2014,8/8/2014,benthic,0.0031,2.904,0.846017708,1,lw_regression,0.846017708
Chironomidae,Larvae,10.521,6,above,exc,no fish,reu_2017,6/26/2017,benthic,0.0018,2.617,0.851129666,1,lw_regression,0.851129666
Caenidae,Larvae,6.22,8,below,fish,fish,warmbold_2014,8/8/2014,benthic,0.0054,2.772,0.856605199,1,lw_regression,0.856605199
Chironomidae,Larvae,10.56,7,below,fish,fish,warmbold_2014,8/8/2014,benthic,0.0018,2.617,0.85941114,1,lw_regression,0.85941114
Corixidae,Adults,6.94,12,below,fish,fish,warmbold_2014,8/8/2014,benthic,0.0031,2.904,0.860338972,1,lw_regression,0.860338972
Chironomidae,Larvae,10.61,11,below,no fish,no fish,warmbold_2014,8/8/2014,benthic,0.0018,2.617,0.870100994,1,lw_regression,0.870100994
Ceratopogonidae,Larvae,10.73,3,below,fish,fish,warmbold_2014,8/8/2014,benthic,0.0025,2.469,0.875973004,1,lw_regression,0.875973004
Chironomidae,Larvae,10.65,7,below,fish,fish,warmbold_2014,8/8/2014,benthic,0.0018,2.617,0.87871174,1,lw_regression,0.87871174
Corixidae,Adults,7,12,below,fish,fish,warmbold_2014,8/8/2014,benthic,0.0031,2.904,0.882117427,1,lw_regression,0.882117427
Chironomidae,Pupae,10.8,6,below,fish,fish,warmbold_2014,8/8/2014,benthic,0.0018,2.617,0.911470198,1,lw_regression,0.911470198
Caenidae,Larvae,6.43,11,below,no fish,no fish,warmbold_2014,8/8/2014,benthic,0.0054,2.772,0.939192416,1,lw_regression,0.939192416
Caenidae,Larvae,6.49,8,below,fish,fish,warmbold_2014,8/8/2014,benthic,0.0054,2.772,0.963687131,1,lw_regression,0.963687131
Chironomidae,Pupae,11.14,6,below,fish,fish,warmbold_2014,8/8/2014,benthic,0.0018,2.617,0.988487199,1,lw_regression,0.988487199
Chironomidae,Larvae,11.18,4,below,no fish,no fish,warmbold_2014,8/8/2014,benthic,0.0018,2.617,0.997802769,1,lw_regression,0.997802769
Chironomidae,Larvae,11.245,4,above,ambient,fish,reu_2017,6/26/2017,benthic,0.0018,2.617,1.013055903,1,lw_regression,1.013055903
Chironomidae,Larvae,11.27,7,below,fish,fish,warmbold_2014,8/8/2014,benthic,0.0018,2.617,1.018960604,1,lw_regression,1.018960604
Chironomidae,Larvae,11.41,10,below,fish,fish,warmbold_2014,8/8/2014,benthic,0.0018,2.617,1.052419864,1,lw_regression,1.052419864
Chironomidae,Larvae,11.626,6,below,ambient,fish,reu_2017,6/26/2017,benthic,0.0018,2.617,1.105359757,1,lw_regression,1.105359757
Ceratopogonidae,Larvae,11.8,10,below,fish,fish,warmbold_2014,8/8/2014,benthic,0.0025,2.469,1.107686046,1,lw_regression,1.107686046
Chironomidae,Larvae,11.659,3,above,exc,no fish,reu_2017,6/26/2017,benthic,0.0018,2.617,1.113589515,1,lw_regression,1.113589515
Chironomidae,Larvae,11.828,6,above,exc,no fish,reu_2017,6/26/2017,benthic,0.0018,2.617,1.156329003,1,lw_regression,1.156329003
Chironomidae,Larvae,11.86,5,below,fish,fish,warmbold_2014,8/8/2014,benthic,0.0018,2.617,1.164533902,1,lw_regression,1.164533902
Chironomidae,Larvae,12.09,4,below,no fish,no fish,warmbold_2014,8/8/2014,benthic,0.0018,2.617,1.224565823,1,lw_regression,1.224565823
Chironomidae,Larvae,12.23,2,below,fish,fish,warmbold_2014,8/8/2014,benthic,0.0018,2.617,1.262023794,1,lw_regression,1.262023794
Chironomidae,Larvae,12.24,3,below,fish,fish,warmbold_2014,8/8/2014,benthic,0.0018,2.617,1.264726084,1,lw_regression,1.264726084
Caenidae,Larvae,7.17,12,below,fish,fish,warmbold_2014,8/8/2014,benthic,0.0054,2.772,1.270260693,1,lw_regression,1.270260693
Chironomidae,Larvae,12.377,3,above,exc,no fish,reu_2017,6/26/2017,benthic,0.0018,2.617,1.302107928,1,lw_regression,1.302107928
Caenidae,Larvae,7.27,8,below,fish,fish,warmbold_2014,8/8/2014,benthic,0.0054,2.772,1.319979379,1,lw_regression,1.319979379
Chironomidae,Larvae,12.49,4,below,no fish,no fish,warmbold_2014,8/8/2014,benthic,0.0018,2.617,1.333448989,1,lw_regression,1.333448989
Caenidae,Larvae,7.31,12,below,fish,fish,warmbold_2014,8/8/2014,benthic,0.0054,2.772,1.340209613,1,lw_regression,1.340209613
Chironomidae,Larvae,12.591,2,above,cage_ctrl,fish,reu_2017,6/26/2017,benthic,0.0018,2.617,1.361852621,1,lw_regression,1.361852621
Chironomidae,Larvae,12.681,6,below,ambient,fish,reu_2017,6/26/2017,benthic,0.0018,2.617,1.387475175,1,lw_regression,1.387475175
Chironomidae,Larvae,12.85,9,below,fish,fish,warmbold_2014,8/8/2014,benthic,0.0018,2.617,1.436388734,1,lw_regression,1.436388734
Chironomidae,Larvae,12.93,2,below,fish,fish,warmbold_2014,8/8/2014,benthic,0.0018,2.617,1.459909198,1,lw_regression,1.459909198
Chironomidae,Larvae,12.998,6,below,ambient,fish,reu_2017,6/26/2017,benthic,0.0018,2.617,1.480087501,1,lw_regression,1.480087501
Chironomidae,Larvae,13.04,2,below,fish,fish,warmbold_2014,8/8/2014,benthic,0.0018,2.617,1.492636171,1,lw_regression,1.492636171
Chironomidae,Larvae,13.11,4,below,no fish,no fish,warmbold_2014,8/8/2014,benthic,0.0018,2.617,1.5136963,1,lw_regression,1.5136963
Chironomidae,Larvae,13.285,3,above,exc,no fish,reu_2017,6/26/2017,benthic,0.0018,2.617,1.567146887,1,lw_regression,1.567146887
Chironomidae,Larvae,13.464,3,above,exc,no fish,reu_2017,6/26/2017,benthic,0.0018,2.617,1.623009764,1,lw_regression,1.623009764
Chironomidae,Larvae,13.465,2,above,cage_ctrl,fish,reu_2017,6/26/2017,benthic,0.0018,2.617,1.623325248,1,lw_regression,1.623325248
Chironomidae,Larvae,13.59,5,below,fish,fish,warmbold_2014,8/8/2014,benthic,0.0018,2.617,1.663059638,1,lw_regression,1.663059638
Chironomidae,Larvae,13.682,6,below,ambient,fish,reu_2017,6/26/2017,benthic,0.0018,2.617,1.692684323,1,lw_regression,1.692684323
Ceratopogonidae,Larvae,14.02,9,below,fish,fish,warmbold_2014,8/8/2014,benthic,0.0025,2.469,1.695355792,1,lw_regression,1.695355792
Chironomidae,Larvae,13.713,6,above,exc,no fish,reu_2017,6/26/2017,benthic,0.0018,2.617,1.702739437,1,lw_regression,1.702739437
Chironomidae,Larvae,13.826,4,above,ambient,fish,reu_2017,6/26/2017,benthic,0.0018,2.617,1.739704085,1,lw_regression,1.739704085
Chironomidae,Larvae,13.87,10,below,fish,fish,warmbold_2014,8/8/2014,benthic,0.0018,2.617,1.754230282,1,lw_regression,1.754230282
Chironomidae,Larvae,13.987,4,above,ambient,fish,reu_2017,6/26/2017,benthic,0.0018,2.617,1.793220593,1,lw_regression,1.793220593
Chironomidae,Larvae,14.004,6,above,exc,no fish,reu_2017,6/26/2017,benthic,0.0018,2.617,1.798929966,1,lw_regression,1.798929966
Chironomidae,Larvae,14.06,5,below,fish,fish,warmbold_2014,8/8/2014,benthic,0.0018,2.617,1.817816702,1,lw_regression,1.817816702
Chironomidae,Larvae,14.263,6,above,exc,no fish,reu_2017,6/26/2017,benthic,0.0018,2.617,1.887306275,1,lw_regression,1.887306275
Chironomidae,Larvae,14.409,6,below,ambient,fish,reu_2017,6/26/2017,benthic,0.0018,2.617,1.938283362,1,lw_regression,1.938283362
Chironomidae,Larvae,14.984,2,above,cage_ctrl,fish,reu_2017,6/26/2017,benthic,0.0018,2.617,2.147288333,1,lw_regression,2.147288333
Chironomidae,Larvae,14.986,4,above,ambient,fish,reu_2017,6/26/2017,benthic,0.0018,2.617,2.148038475,1,lw_regression,2.148038475
Chironomidae,Larvae,15.049,3,above,exc,no fish,reu_2017,6/26/2017,benthic,0.0018,2.617,2.171750873,1,lw_regression,2.171750873
Chironomidae,Larvae,15.098,4,above,ambient,fish,reu_2017,6/26/2017,benthic,0.0018,2.617,2.190305178,1,lw_regression,2.190305178
Chironomidae,Larvae,15.122,6,above,exc,no fish,reu_2017,6/26/2017,benthic,0.0018,2.617,2.199428609,1,lw_regression,2.199428609
Chironomidae,Larvae,15.916,6,below,ambient,fish,reu_2017,6/26/2017,benthic,0.0018,2.617,2.514617312,1,lw_regression,2.514617312
Chironomidae,Larvae,15.92,4,above,ambient,fish,reu_2017,6/26/2017,benthic,0.0018,2.617,2.516271519,1,lw_regression,2.516271519
Chironomidae,Larvae,16.016,2,above,cage_ctrl,fish,reu_2017,6/26/2017,benthic,0.0018,2.617,2.556174396,1,lw_regression,2.556174396
Chironomidae,Larvae,16.518,6,above,exc,no fish,reu_2017,6/26/2017,benthic,0.0018,2.617,2.771195611,1,lw_regression,2.771195611
Chironomidae,Larvae,17.061,6,below,ambient,fish,reu_2017,6/26/2017,benthic,0.0018,2.617,3.015978471,1,lw_regression,3.015978471
Chironomidae,Larvae,17.659,4,above,ambient,fish,reu_2017,6/26/2017,benthic,0.0018,2.617,3.300523323,1,lw_regression,3.300523323
Worms,Adults,3.881,4,above,ambient,fish,reu_2017,6/26/2017,benthic,0.008,1.888,0.103517931,1,lw_regression,0.103517931
Worms,Adults,2.678,4,above,ambient,fish,reu_2017,6/26/2017,benthic,0.008,1.888,0.051380266,1,lw_regression,0.051380266
Worms,Adults,4.357,4,above,ambient,fish,reu_2017,6/26/2017,benthic,0.008,1.888,0.128788208,1,lw_regression,0.128788208
Worms,Adults,2.518,4,above,ambient,fish,reu_2017,6/26/2017,benthic,0.008,1.888,0.045738635,1,lw_regression,0.045738635
Worms,Adults,2.766,4,above,ambient,fish,reu_2017,6/26/2017,benthic,0.008,1.888,0.054614366,1,lw_regression,0.054614366
Worms,Adults,4.442,4,above,ambient,fish,reu_2017,6/26/2017,benthic,0.008,1.888,0.133572882,1,lw_regression,0.133572882
Worms,Adults,2.239,4,above,ambient,fish,reu_2017,6/26/2017,benthic,0.008,1.888,0.036643092,1,lw_regression,0.036643092
Worms,Adults,1.402,4,above,ambient,fish,reu_2017,6/26/2017,benthic,0.008,1.888,0.015140849,1,lw_regression,0.015140849
Worms,Adults,5.874,4,above,ambient,fish,reu_2017,6/26/2017,benthic,0.008,1.888,0.22637959,1,lw_regression,0.22637959
Worms,Adults,5.641,4,above,ambient,fish,reu_2017,6/26/2017,benthic,0.008,1.888,0.209725048,1,lw_regression,0.209725048
Worms,Adults,2.409,10,above,ambient,fish,reu_2017,6/26/2017,benthic,0.008,1.888,0.042072456,1,lw_regression,0.042072456
Worms,Adults,2.452,10,above,ambient,fish,reu_2017,6/26/2017,benthic,0.008,1.888,0.043501539,1,lw_regression,0.043501539
Worms,Adults,2.818,10,above,ambient,fish,reu_2017,6/26/2017,benthic,0.008,1.888,0.056569009,1,lw_regression,0.056569009
Worms,Adults,3.381,10,above,ambient,fish,reu_2017,6/26/2017,benthic,0.008,1.888,0.079786106,1,lw_regression,0.079786106
Worms,Adults,2.538,10,above,ambient,fish,reu_2017,6/26/2017,benthic,0.008,1.888,0.046426951,1,lw_regression,0.046426951
Worms,Adults,4.341,10,above,ambient,fish,reu_2017,6/26/2017,benthic,0.008,1.888,0.127896748,1,lw_regression,0.127896748
Chironomidae,Pupae,NA,3,below,amb,fish,warmbold_2015,June_2015,benthic,NA,NA,1.49,7,direct_measure,0.212857143
Chironomidae,Larvae,NA,3,below,amb,fish,warmbold_2015,June_2015,benthic,NA,NA,1.01,10,direct_measure,0.101
Ceratopogonidae,Larvae,NA,3,below,amb,fish,warmbold_2015,June_2015,benthic,NA,NA,0.7,10,direct_measure,0.07
Corixidae,Larvae,NA,3,below,amb,fish,warmbold_2015,June_2015,benthic,NA,NA,0.15,10,direct_measure,0.015
Chironomidae,Larvae,NA,8,below,amb,fish,warmbold_2015,June_2015,benthic,NA,NA,1.22,10,direct_measure,0.122
Ceratopogonidae,Larvae,NA,8,below,amb,fish,warmbold_2015,June_2015,benthic,NA,NA,0.56,10,direct_measure,0.056
Corixidae,Larvae,NA,8,below,amb,fish,warmbold_2015,June_2015,benthic,NA,NA,0.27,10,direct_measure,0.027
Chironomidae,Pupae,NA,8,below,amb,fish,warmbold_2015,June_2015,benthic,NA,NA,0.27,3,direct_measure,0.09
Caenidae,Larvae,NA,8,below,amb,fish,warmbold_2015,June_2015,benthic,NA,NA,3.68,8,direct_measure,0.46
Ceratopogonidae,Larvae,NA,12,below,amb,fish,warmbold_2015,June_2015,benthic,NA,NA,1.04,10,direct_measure,0.104
Caenidae,Larvae,NA,12,below,amb,fish,warmbold_2015,June_2015,benthic,NA,NA,3.88,10,direct_measure,0.388
Chironomidae,Larvae,NA,12,below,amb,fish,warmbold_2015,June_2015,benthic,NA,NA,0.77,10,direct_measure,0.077
Baetidae,Larvae,NA,12,below,amb,fish,warmbold_2015,June_2015,benthic,NA,NA,0.06,1,direct_measure,0.06
Chironomidae,Pupae,NA,12,below,amb,fish,warmbold_2015,June_2015,benthic,NA,NA,0.79,7,direct_measure,0.112857143
Corixidae,Larvae,NA,12,below,amb,fish,warmbold_2015,June_2015,benthic,NA,NA,0.71,10,direct_measure,0.071
Chironomidae,Larvae,NA,14,below,Both,fish,warmbold_2015,June_2015,benthic,NA,NA,0.94,10,direct_measure,0.094
Ceratopogonidae,Larvae,NA,14,below,Both,fish,warmbold_2015,June_2015,benthic,NA,NA,0.08,5,direct_measure,0.016
Chironomidae,Larvae,NA,14,below,Both,fish,warmbold_2015,June_2015,benthic,NA,NA,0.23,5,direct_measure,0.046
Chironomidae,Larvae,NA,6,below,Both,fish,warmbold_2015,June_2015,benthic,NA,NA,1.94,10,direct_measure,0.194
Chironomidae,Pupae,NA,6,below,Both,fish,warmbold_2015,June_2015,benthic,NA,NA,6.53,10,direct_measure,0.653
Ceratopogonidae,Larvae,NA,6,below,Both,fish,warmbold_2015,June_2015,benthic,NA,NA,0.42,3,direct_measure,0.14
Corixidae,larvae,NA,6,below,Both,fish,warmbold_2015,June_2015,benthic,NA,NA,0.16,4,direct_measure,0.04
Chironomidae,Pupae,NA,7,below,Both,fish,warmbold_2015,June_2015,benthic,NA,NA,1.2,10,direct_measure,0.12
Caenidae,Larvae,NA,7,below,Both,fish,warmbold_2015,June_2015,benthic,NA,NA,1.42,8,direct_measure,0.1775
Ceratopogonidae,Larvae,NA,7,below,Both,fish,warmbold_2015,June_2015,benthic,NA,NA,0.48,10,direct_measure,0.048
Corixidae,Larvae,NA,7,below,Both,fish,warmbold_2015,June_2015,benthic,NA,NA,0.62,10,direct_measure,0.062
Chironomidae,Larvae,NA,7,below,Both,fish,warmbold_2015,June_2015,benthic,NA,NA,1.37,10,direct_measure,0.137
Caenidae,Larvae,NA,1,below,buffalo,fish,warmbold_2015,June_2015,benthic,NA,NA,0.11,4,direct_measure,0.0275
Corixidae,Larvae,NA,1,below,buffalo,fish,warmbold_2015,June_2015,benthic,NA,NA,0.05,10,direct_measure,0.005
Ceratopogonidae,Larvae,NA,1,below,buffalo,fish,warmbold_2015,June_2015,benthic,NA,NA,0.25,7,direct_measure,0.035714286
Chironomidae,Pupae,NA,1,below,buffalo,fish,warmbold_2015,June_2015,benthic,NA,NA,0.6,8,direct_measure,0.075
Chironomidae,Larvae,NA,1,below,buffalo,fish,warmbold_2015,June_2015,benthic,NA,NA,0.73,10,direct_measure,0.073
Chironomidae,Pupae,NA,4,below,buffalo,fish,warmbold_2015,June_2015,benthic,NA,NA,2.72,10,direct_measure,0.272
Chironomidae,Larvae,NA,4,below,buffalo,fish,warmbold_2015,June_2015,benthic,NA,NA,2.31,10,direct_measure,0.231
Ceratopogonidae,Larvae,NA,4,below,buffalo,fish,warmbold_2015,June_2015,benthic,NA,NA,1.44,10,direct_measure,0.144
Corixidae,Larvae,NA,4,below,buffalo,fish,warmbold_2015,June_2015,benthic,NA,NA,0.17,10,direct_measure,0.017
Chironomidae,Pupae,NA,11,below,buffalo,fish,warmbold_2015,June_2015,benthic,NA,NA,0.43,5,direct_measure,0.086
Chironomidae,Larvae,NA,11,below,buffalo,fish,warmbold_2015,June_2015,benthic,NA,NA,1.07,10,direct_measure,0.107
Caenidae,Larvae,NA,11,below,buffalo,fish,warmbold_2015,June_2015,benthic,NA,NA,1.4,4,direct_measure,0.35
Ceratopogonidae,Larvae,NA,11,below,buffalo,fish,warmbold_2015,June_2015,benthic,NA,NA,0.77,10,direct_measure,0.077
Corixidae,Larvae,NA,11,below,buffalo,fish,warmbold_2015,June_2015,benthic,NA,NA,0.23,10,direct_measure,0.023
Caenidae,Larvae,NA,2,below,fishless,no fish,warmbold_2015,June_2015,benthic,NA,NA,0.04,1,direct_measure,0.04
Chironomidae,Larvae,NA,2,below,fishless,no fish,warmbold_2015,June_2015,benthic,NA,NA,1.73,10,direct_measure,0.173
Chironomidae,Pupae,NA,2,below,fishless,no fish,warmbold_2015,June_2015,benthic,NA,NA,2.6,9,direct_measure,0.288888889
Corixidae,Larvae,NA,2,below,fishless,no fish,warmbold_2015,June_2015,benthic,NA,NA,0.18,9,direct_measure,0.02
Ceratopogonidae,Larvae,NA,2,below,fishless,no fish,warmbold_2015,June_2015,benthic,NA,NA,0.33,10,direct_measure,0.033
Ceratopogonidae,Larvae,NA,5,below,fishless,no fish,warmbold_2015,June_2015,benthic,NA,NA,0.93,10,direct_measure,0.093
Corixidae,larvae,NA,5,below,fishless,no fish,warmbold_2015,June_2015,benthic,NA,NA,0.13,10,direct_measure,0.013
Chironomidae,Pupae,NA,5,below,fishless,no fish,warmbold_2015,June_2015,benthic,NA,NA,1.58,8,direct_measure,0.1975
Chironomidae,larvae,NA,5,below,fishless,no fish,warmbold_2015,June_2015,benthic,NA,NA,3.07,10,direct_measure,0.307
Chironomidae,Larvae,NA,9,below,fishless,no fish,warmbold_2015,June_2015,benthic,NA,NA,1.43,10,direct_measure,0.143
Chironomidae,Pupae,NA,9,below,fishless,no fish,warmbold_2015,June_2015,benthic,NA,NA,0.56,3,direct_measure,0.186666667
Ceratopogonidae,Larvae,NA,9,below,fishless,no fish,warmbold_2015,June_2015,benthic,NA,NA,0.66,10,direct_measure,0.066
Corixidae,Larvae,NA,9,below,fishless,no fish,warmbold_2015,June_2015,benthic,NA,NA,0.07,5,direct_measure,0.014
Chironomidae,Larvae,NA,15,below,green,fish,warmbold_2015,June_2015,benthic,NA,NA,0.4,10,direct_measure,0.04
Chironomidae,Pupae,NA,15,below,green,fish,warmbold_2015,June_2015,benthic,NA,NA,0.12,1,direct_measure,0.12
Corixidae,Larvae,NA,15,below,green,fish,warmbold_2015,June_2015,benthic,NA,NA,0.59,10,direct_measure,0.059
Ceratopogonidae,Larvae,NA,15,below,green,fish,warmbold_2015,June_2015,benthic,NA,NA,0,1,direct_measure,0
Corixidae,Larvae,NA,13,below,green,fish,warmbold_2015,June_2015,benthic,NA,NA,0.18,10,direct_measure,0.018
Chironomidae,Larvae,NA,13,below,green,fish,warmbold_2015,June_2015,benthic,NA,NA,0.13,7,direct_measure,0.018571429
Chironomidae,Larvae,NA,10,below,green,fish,warmbold_2015,June_2015,benthic,NA,NA,1.13,10,direct_measure,0.113
Caenidae,Larvae,NA,10,below,green,fish,warmbold_2015,June_2015,benthic,NA,NA,0.44,1,direct_measure,0.44
Ceratopogonidae,Larvae,NA,10,below,green,fish,warmbold_2015,June_2015,benthic,NA,NA,0.5,10,direct_measure,0.05
Corixidae,Larvae,NA,10,below,green,fish,warmbold_2015,June_2015,benthic,NA,NA,0.13,10,direct_measure,0.013
Chironomidae,Pupae,NA,10,below,green,fish,warmbold_2015,June_2015,benthic,NA,NA,0.2,2,direct_measure,0.1
