"","date","id","trt2","days","area","trt3","taxon","mg_dm","mg_dm_m2_d01"
"1","05/28/17","4 Above","ctrl",4,0.36,"ctrl","chiro_mg_dm",24.75,17.1975
"2","05/28/17","4 Below","ctrl",4,0.36,"ctrl","chiro_mg_dm",0.99,0.6975
"3","05/28/17","1 Below","ctrl",4,0.36,"ctrl","chiro_mg_dm",3.96,2.76
"4","05/28/17","2 Above","ctrl",4,0.36,"ctrl","chiro_mg_dm",3.96,2.76
"5","05/28/17","1 Above","exc",4,0.36,"ctrl","chiro_mg_dm",2.97,2.0725
"6","05/28/17","5 Above","exc",4,0.36,"ctrl","chiro_mg_dm",10.89,7.5725
"7","05/28/17","3 Above","exc",4,0.36,"ctrl","chiro_mg_dm",18.81,13.0725
"8","05/28/17","5 Below","exc",4,0.36,"ctrl","chiro_mg_dm",3.96,2.76
"9","05/28/17","3 Below","exc",4,0.36,"ctrl","chiro_mg_dm",4.95,3.4475
"10","05/28/17","2 Below","exc",4,0.36,"ctrl","chiro_mg_dm",4.95,3.4475
"11","06/06/17","4 Above","ctrl",4,0.36,"ctrl","chiro_mg_dm",31.68,22.01
"12","06/06/17","10 Above","ctrl",4,0.36,"ctrl","chiro_mg_dm",47.52,33.01
"13","06/06/17","7 Above","ctrl",4,0.36,"ctrl","chiro_mg_dm",110.88,77.01
"14","06/06/17","10 Below","ctrl",4,0.36,"ctrl","chiro_mg_dm",8.91,6.1975
"15","06/06/17","6 Below","ctrl",4,0.36,"ctrl","chiro_mg_dm",12.87,8.9475
"16","06/06/17","4 Below","ctrl",4,0.36,"ctrl","chiro_mg_dm",21.78,15.135
"17","06/06/17","1 Below","ctrl",4,0.36,"ctrl","chiro_mg_dm",29.7,20.635
"18","06/06/17","8 Below","ctrl",4,0.36,"ctrl","chiro_mg_dm",48.51,33.6975
"19","06/06/17","8 Above","ctrl",4,0.36,"ctrl","chiro_mg_dm",10.89,7.5725
"20","06/06/17","2 Above","ctrl",4,0.36,"ctrl","chiro_mg_dm",27.72,19.26
"21","06/06/17","9 Below","ctrl",4,0.36,"ctrl","chiro_mg_dm",17.82,12.385
"22","06/06/17","5 Above","exc",4,0.36,"exc","chiro_mg_dm",22.77,15.8225
"23","06/06/17","1 Above","exc",4,0.36,"exc","chiro_mg_dm",36.63,25.4475
"24","06/06/17","6 Above","exc",4,0.36,"exc","chiro_mg_dm",73.26,50.885
"25","06/06/17","3 Above","exc",4,0.36,"exc","chiro_mg_dm",79.2,55.01
"26","06/06/17","9 Above","exc",4,0.36,"exc","chiro_mg_dm",119.79,83.1975
"27","06/06/17","2 Below","exc",4,0.36,"exc","chiro_mg_dm",20.79,14.4475
"28","06/06/17","5 Below","exc",4,0.36,"exc","chiro_mg_dm",26.73,18.5725
"29","06/06/17","7 Below","exc",4,0.36,"exc","chiro_mg_dm",26.73,18.5725
"30","06/06/17","3 Below","exc",4,0.36,"exc","chiro_mg_dm",91.08,63.26
"31","06/12/17","4 Above","ctrl",4,0.36,"ctrl","chiro_mg_dm",51.48,35.76
"32","06/12/17","10 Above","ctrl",4,0.36,"ctrl","chiro_mg_dm",81.18,56.385
"33","06/12/17","7 Above","ctrl",4,0.36,"ctrl","chiro_mg_dm",500.94,347.885
"34","06/12/17","8 Below","ctrl",4,0.36,"ctrl","chiro_mg_dm",56.43,39.1975
"35","06/12/17","1 Below","ctrl",4,0.36,"ctrl","chiro_mg_dm",69.3,48.135
"36","06/12/17","6 Below","ctrl",4,0.36,"ctrl","chiro_mg_dm",70.29,48.8225
"37","06/12/17","4 Below","ctrl",4,0.36,"ctrl","chiro_mg_dm",254.43,176.6975
"38","06/12/17","8 Above","ctrl",4,0.36,"ctrl","chiro_mg_dm",40.59,28.1975
"39","06/12/17","2 Above","ctrl",4,0.36,"ctrl","chiro_mg_dm",48.51,33.6975
"40","06/12/17","9 Below","ctrl",4,0.36,"ctrl","chiro_mg_dm",30.69,21.3225
"41","06/12/17","6 Above","exc",4,0.36,"exc","chiro_mg_dm",166.32,115.51
"42","06/12/17","9 Above","exc",4,0.36,"exc","chiro_mg_dm",321.75,223.4475
"43","06/12/17","1 Above","exc",4,0.36,"exc","chiro_mg_dm",364.32,253.01
"44","06/12/17","5 Above","exc",4,0.36,"exc","chiro_mg_dm",579.15,402.1975
"45","06/12/17","3 Above","exc",4,0.36,"exc","chiro_mg_dm",620.73,431.0725
"46","06/12/17","3 Below","exc",4,0.36,"exc","chiro_mg_dm",74.25,51.5725
"47","06/12/17","7 Below","exc",4,0.36,"exc","chiro_mg_dm",183.15,127.1975
"48","06/12/17","2 Below","exc",4,0.36,"exc","chiro_mg_dm",248.49,172.5725
"49","06/12/17","5 Below","exc",4,0.36,"exc","chiro_mg_dm",371.25,257.8225
"50","06/16/17","4 Above","ctrl",3,0.36,"ctrl","chiro_mg_dm",40.59,37.5933333333333
"51","06/16/17","10 Above","ctrl",3,0.36,"ctrl","chiro_mg_dm",58.41,54.0933333333333
"52","06/16/17","7 Above","ctrl",3,0.36,"ctrl","chiro_mg_dm",99.99,92.5933333333333
"53","06/16/17","10 Below","ctrl",3,0.36,"ctrl","chiro_mg_dm",4.95,4.59333333333333
"54","06/16/17","1 Below","ctrl",3,0.36,"ctrl","chiro_mg_dm",19.8,18.3433333333333
"55","06/16/17","6 Below","ctrl",3,0.36,"ctrl","chiro_mg_dm",38.61,35.76
"56","06/16/17","8 Below","ctrl",3,0.36,"ctrl","chiro_mg_dm",43.56,40.3433333333333
"57","06/16/17","4 Below","ctrl",3,0.36,"ctrl","chiro_mg_dm",958.32,887.343333333333
"58","06/16/17","2 Above","ctrl",3,0.36,"ctrl","chiro_mg_dm",55.44,51.3433333333333
"59","06/16/17","8 Above","ctrl",3,0.36,"ctrl","chiro_mg_dm",65.34,60.51
"60","06/16/17","9 Below","ctrl",3,0.36,"ctrl","chiro_mg_dm",37.62,34.8433333333333
"61","06/16/17","1 Above","exc",3,0.36,"exc","chiro_mg_dm",621.72,575.676666666667
"62","06/16/17","9 Above","exc",3,0.36,"exc","chiro_mg_dm",1286.01,1190.76
"63","06/16/17","6 Above","exc",3,0.36,"exc","chiro_mg_dm",1855.26,1717.84333333333
"64","06/16/17","5 Above","exc",3,0.36,"exc","chiro_mg_dm",2001.78,1853.51
"65","06/16/17","3 Above","exc",3,0.36,"exc","chiro_mg_dm",2118.6,1961.67666666667
"66","06/16/17","3 Below","exc",3,0.36,"exc","chiro_mg_dm",34.65,32.0933333333333
"67","06/16/17","7 Below","exc",3,0.36,"exc","chiro_mg_dm",358.38,331.843333333333
"68","06/16/17","5 Below","exc",3,0.36,"exc","chiro_mg_dm",616.77,571.093333333333
"69","06/16/17","2 Below","exc",3,0.36,"exc","chiro_mg_dm",664.29,615.093333333333
"70","06/23/17","10 Above","ctrl",4,0.36,"ctrl","chiro_mg_dm",18.81,13.0725
"71","06/23/17","4 Above","ctrl",4,0.36,"ctrl","chiro_mg_dm",117.81,81.8225
"72","06/23/17","7 Above","ctrl",4,0.36,"ctrl","chiro_mg_dm",157.41,109.3225
"73","06/23/17","10 Below","ctrl",4,0.36,"ctrl","chiro_mg_dm",11.88,8.26
"74","06/23/17","1 Below","ctrl",4,0.36,"ctrl","chiro_mg_dm",36.63,25.4475
"75","06/23/17","8 Below","ctrl",4,0.36,"ctrl","chiro_mg_dm",38.61,26.8225
"76","06/23/17","4 Below","ctrl",4,0.36,"ctrl","chiro_mg_dm",44.55,30.9475
"77","06/23/17","6 Below","ctrl",4,0.36,"ctrl","chiro_mg_dm",1257.3,873.135
"78","06/23/17","2 Above","ctrl",4,0.36,"ctrl","chiro_mg_dm",57.42,39.885
"79","06/23/17","8 Above","ctrl",4,0.36,"ctrl","chiro_mg_dm",101.97,70.8225
"80","06/23/17","9 Below","ctrl",4,0.36,"ctrl","chiro_mg_dm",122.76,85.26
"81","06/23/17","1 Above","exc",4,0.36,"exc","chiro_mg_dm",1254.33,871.0725
"82","06/23/17","9 Above","exc",4,0.36,"exc","chiro_mg_dm",1284.03,891.6975
"83","06/23/17","6 Above","exc",4,0.36,"exc","chiro_mg_dm",1598.85,1110.3225
"84","06/23/17","5 Above","exc",4,0.36,"exc","chiro_mg_dm",1712.7,1189.385
"85","06/23/17","3 Above","exc",4,0.36,"exc","chiro_mg_dm",2144.34,1489.135
"86","06/23/17","3 Below","exc",4,0.36,"exc","chiro_mg_dm",100.98,70.135
"87","06/23/17","7 Below","exc",4,0.36,"exc","chiro_mg_dm",615.78,427.635
"88","06/23/17","5 Below","exc",4,0.36,"exc","chiro_mg_dm",1593.9,1106.885
"89","06/23/17","2 Below","exc",4,0.36,"exc","chiro_mg_dm",1819.62,1263.635
"90","05/28/17","4 Above","ctrl",4,0.36,"ctrl","doli_mg_dm",0,0.01
"91","05/28/17","4 Below","ctrl",4,0.36,"ctrl","doli_mg_dm",0,0.01
"92","05/28/17","1 Below","ctrl",4,0.36,"ctrl","doli_mg_dm",0,0.01
"93","05/28/17","2 Above","ctrl",4,0.36,"ctrl","doli_mg_dm",0,0.01
"94","05/28/17","1 Above","exc",4,0.36,"ctrl","doli_mg_dm",0,0.01
"95","05/28/17","5 Above","exc",4,0.36,"ctrl","doli_mg_dm",0,0.01
"96","05/28/17","3 Above","exc",4,0.36,"ctrl","doli_mg_dm",0,0.01
"97","05/28/17","5 Below","exc",4,0.36,"ctrl","doli_mg_dm",0,0.01
"98","05/28/17","3 Below","exc",4,0.36,"ctrl","doli_mg_dm",0,0.01
"99","05/28/17","2 Below","exc",4,0.36,"ctrl","doli_mg_dm",0,0.01
"100","06/06/17","4 Above","ctrl",4,0.36,"ctrl","doli_mg_dm",0,0.01
"101","06/06/17","10 Above","ctrl",4,0.36,"ctrl","doli_mg_dm",0,0.01
"102","06/06/17","7 Above","ctrl",4,0.36,"ctrl","doli_mg_dm",0,0.01
"103","06/06/17","10 Below","ctrl",4,0.36,"ctrl","doli_mg_dm",0,0.01
"104","06/06/17","6 Below","ctrl",4,0.36,"ctrl","doli_mg_dm",0,0.01
"105","06/06/17","4 Below","ctrl",4,0.36,"ctrl","doli_mg_dm",0,0.01
"106","06/06/17","1 Below","ctrl",4,0.36,"ctrl","doli_mg_dm",0,0.01
"107","06/06/17","8 Below","ctrl",4,0.36,"ctrl","doli_mg_dm",0,0.01
"108","06/06/17","8 Above","ctrl",4,0.36,"ctrl","doli_mg_dm",0,0.01
"109","06/06/17","2 Above","ctrl",4,0.36,"ctrl","doli_mg_dm",0,0.01
"110","06/06/17","9 Below","ctrl",4,0.36,"ctrl","doli_mg_dm",0,0.01
"111","06/06/17","5 Above","exc",4,0.36,"exc","doli_mg_dm",0,0.01
"112","06/06/17","1 Above","exc",4,0.36,"exc","doli_mg_dm",0,0.01
"113","06/06/17","6 Above","exc",4,0.36,"exc","doli_mg_dm",0,0.01
"114","06/06/17","3 Above","exc",4,0.36,"exc","doli_mg_dm",0,0.01
"115","06/06/17","9 Above","exc",4,0.36,"exc","doli_mg_dm",0,0.01
"116","06/06/17","2 Below","exc",4,0.36,"exc","doli_mg_dm",0,0.01
"117","06/06/17","5 Below","exc",4,0.36,"exc","doli_mg_dm",0,0.01
"118","06/06/17","7 Below","exc",4,0.36,"exc","doli_mg_dm",0,0.01
"119","06/06/17","3 Below","exc",4,0.36,"exc","doli_mg_dm",0,0.01
"120","06/12/17","4 Above","ctrl",4,0.36,"ctrl","doli_mg_dm",0,0.01
"121","06/12/17","10 Above","ctrl",4,0.36,"ctrl","doli_mg_dm",0,0.01
"122","06/12/17","7 Above","ctrl",4,0.36,"ctrl","doli_mg_dm",0,0.01
"123","06/12/17","8 Below","ctrl",4,0.36,"ctrl","doli_mg_dm",0,0.01
"124","06/12/17","1 Below","ctrl",4,0.36,"ctrl","doli_mg_dm",0,0.01
"125","06/12/17","6 Below","ctrl",4,0.36,"ctrl","doli_mg_dm",0,0.01
"126","06/12/17","4 Below","ctrl",4,0.36,"ctrl","doli_mg_dm",0,0.01
"127","06/12/17","8 Above","ctrl",4,0.36,"ctrl","doli_mg_dm",0,0.01
"128","06/12/17","2 Above","ctrl",4,0.36,"ctrl","doli_mg_dm",0,0.01
"129","06/12/17","9 Below","ctrl",4,0.36,"ctrl","doli_mg_dm",0,0.01
"130","06/12/17","6 Above","exc",4,0.36,"exc","doli_mg_dm",0,0.01
"131","06/12/17","9 Above","exc",4,0.36,"exc","doli_mg_dm",0,0.01
"132","06/12/17","1 Above","exc",4,0.36,"exc","doli_mg_dm",0,0.01
"133","06/12/17","5 Above","exc",4,0.36,"exc","doli_mg_dm",0,0.01
"134","06/12/17","3 Above","exc",4,0.36,"exc","doli_mg_dm",0,0.01
"135","06/12/17","3 Below","exc",4,0.36,"exc","doli_mg_dm",0,0.01
"136","06/12/17","7 Below","exc",4,0.36,"exc","doli_mg_dm",0,0.01
"137","06/12/17","2 Below","exc",4,0.36,"exc","doli_mg_dm",0,0.01
"138","06/12/17","5 Below","exc",4,0.36,"exc","doli_mg_dm",0,0.01
"139","06/16/17","4 Above","ctrl",3,0.36,"ctrl","doli_mg_dm",0,0.01
"140","06/16/17","10 Above","ctrl",3,0.36,"ctrl","doli_mg_dm",0.65,0.611851851851852
"141","06/16/17","7 Above","ctrl",3,0.36,"ctrl","doli_mg_dm",0,0.01
"142","06/16/17","10 Below","ctrl",3,0.36,"ctrl","doli_mg_dm",0,0.01
"143","06/16/17","1 Below","ctrl",3,0.36,"ctrl","doli_mg_dm",0,0.01
"144","06/16/17","6 Below","ctrl",3,0.36,"ctrl","doli_mg_dm",0,0.01
"145","06/16/17","8 Below","ctrl",3,0.36,"ctrl","doli_mg_dm",0,0.01
"146","06/16/17","4 Below","ctrl",3,0.36,"ctrl","doli_mg_dm",0,0.01
"147","06/16/17","2 Above","ctrl",3,0.36,"ctrl","doli_mg_dm",0,0.01
"148","06/16/17","8 Above","ctrl",3,0.36,"ctrl","doli_mg_dm",0,0.01
"149","06/16/17","9 Below","ctrl",3,0.36,"ctrl","doli_mg_dm",0,0.01
"150","06/16/17","1 Above","exc",3,0.36,"exc","doli_mg_dm",0,0.01
"151","06/16/17","9 Above","exc",3,0.36,"exc","doli_mg_dm",0,0.01
"152","06/16/17","6 Above","exc",3,0.36,"exc","doli_mg_dm",0,0.01
"153","06/16/17","5 Above","exc",3,0.36,"exc","doli_mg_dm",0,0.01
"154","06/16/17","3 Above","exc",3,0.36,"exc","doli_mg_dm",0,0.01
"155","06/16/17","3 Below","exc",3,0.36,"exc","doli_mg_dm",0,0.01
"156","06/16/17","7 Below","exc",3,0.36,"exc","doli_mg_dm",0,0.01
"157","06/16/17","5 Below","exc",3,0.36,"exc","doli_mg_dm",0,0.01
"158","06/16/17","2 Below","exc",3,0.36,"exc","doli_mg_dm",0,0.01
"159","06/23/17","10 Above","ctrl",4,0.36,"ctrl","doli_mg_dm",0,0.01
"160","06/23/17","4 Above","ctrl",4,0.36,"ctrl","doli_mg_dm",0,0.01
"161","06/23/17","7 Above","ctrl",4,0.36,"ctrl","doli_mg_dm",0,0.01
"162","06/23/17","10 Below","ctrl",4,0.36,"ctrl","doli_mg_dm",0,0.01
"163","06/23/17","1 Below","ctrl",4,0.36,"ctrl","doli_mg_dm",0,0.01
"164","06/23/17","8 Below","ctrl",4,0.36,"ctrl","doli_mg_dm",0,0.01
"165","06/23/17","4 Below","ctrl",4,0.36,"ctrl","doli_mg_dm",0,0.01
"166","06/23/17","6 Below","ctrl",4,0.36,"ctrl","doli_mg_dm",0,0.01
"167","06/23/17","2 Above","ctrl",4,0.36,"ctrl","doli_mg_dm",0,0.01
"168","06/23/17","8 Above","ctrl",4,0.36,"ctrl","doli_mg_dm",0,0.01
"169","06/23/17","9 Below","ctrl",4,0.36,"ctrl","doli_mg_dm",0,0.01
"170","06/23/17","1 Above","exc",4,0.36,"exc","doli_mg_dm",0,0.01
"171","06/23/17","9 Above","exc",4,0.36,"exc","doli_mg_dm",0,0.01
"172","06/23/17","6 Above","exc",4,0.36,"exc","doli_mg_dm",0,0.01
"173","06/23/17","5 Above","exc",4,0.36,"exc","doli_mg_dm",1.3,0.912777777777778
"174","06/23/17","3 Above","exc",4,0.36,"exc","doli_mg_dm",0,0.01
"175","06/23/17","3 Below","exc",4,0.36,"exc","doli_mg_dm",0,0.01
"176","06/23/17","7 Below","exc",4,0.36,"exc","doli_mg_dm",0,0.01
"177","06/23/17","5 Below","exc",4,0.36,"exc","doli_mg_dm",0,0.01
"178","06/23/17","2 Below","exc",4,0.36,"exc","doli_mg_dm",0,0.01
"179","05/28/17","4 Above","ctrl",4,0.36,"ctrl","tric_mg_dm",0,0.01
"180","05/28/17","4 Below","ctrl",4,0.36,"ctrl","tric_mg_dm",0,0.01
"181","05/28/17","1 Below","ctrl",4,0.36,"ctrl","tric_mg_dm",0,0.01
"182","05/28/17","2 Above","ctrl",4,0.36,"ctrl","tric_mg_dm",0,0.01
"183","05/28/17","1 Above","exc",4,0.36,"ctrl","tric_mg_dm",0,0.01
"184","05/28/17","5 Above","exc",4,0.36,"ctrl","tric_mg_dm",0,0.01
"185","05/28/17","3 Above","exc",4,0.36,"ctrl","tric_mg_dm",0,0.01
"186","05/28/17","5 Below","exc",4,0.36,"ctrl","tric_mg_dm",0,0.01
"187","05/28/17","3 Below","exc",4,0.36,"ctrl","tric_mg_dm",0,0.01
"188","05/28/17","2 Below","exc",4,0.36,"ctrl","tric_mg_dm",0,0.01
"189","06/06/17","4 Above","ctrl",4,0.36,"ctrl","tric_mg_dm",0,0.01
"190","06/06/17","10 Above","ctrl",4,0.36,"ctrl","tric_mg_dm",0,0.01
"191","06/06/17","7 Above","ctrl",4,0.36,"ctrl","tric_mg_dm",0,0.01
"192","06/06/17","10 Below","ctrl",4,0.36,"ctrl","tric_mg_dm",0,0.01
"193","06/06/17","6 Below","ctrl",4,0.36,"ctrl","tric_mg_dm",0,0.01
"194","06/06/17","4 Below","ctrl",4,0.36,"ctrl","tric_mg_dm",0,0.01
"195","06/06/17","1 Below","ctrl",4,0.36,"ctrl","tric_mg_dm",0,0.01
"196","06/06/17","8 Below","ctrl",4,0.36,"ctrl","tric_mg_dm",0,0.01
"197","06/06/17","8 Above","ctrl",4,0.36,"ctrl","tric_mg_dm",0,0.01
"198","06/06/17","2 Above","ctrl",4,0.36,"ctrl","tric_mg_dm",0,0.01
"199","06/06/17","9 Below","ctrl",4,0.36,"ctrl","tric_mg_dm",0,0.01
"200","06/06/17","5 Above","exc",4,0.36,"exc","tric_mg_dm",0,0.01
"201","06/06/17","1 Above","exc",4,0.36,"exc","tric_mg_dm",0,0.01
"202","06/06/17","6 Above","exc",4,0.36,"exc","tric_mg_dm",0,0.01
"203","06/06/17","3 Above","exc",4,0.36,"exc","tric_mg_dm",0,0.01
"204","06/06/17","9 Above","exc",4,0.36,"exc","tric_mg_dm",0,0.01
"205","06/06/17","2 Below","exc",4,0.36,"exc","tric_mg_dm",0,0.01
"206","06/06/17","5 Below","exc",4,0.36,"exc","tric_mg_dm",0,0.01
"207","06/06/17","7 Below","exc",4,0.36,"exc","tric_mg_dm",0,0.01
"208","06/06/17","3 Below","exc",4,0.36,"exc","tric_mg_dm",0,0.01
"209","06/12/17","4 Above","ctrl",4,0.36,"ctrl","tric_mg_dm",0,0.01
"210","06/12/17","10 Above","ctrl",4,0.36,"ctrl","tric_mg_dm",0,0.01
"211","06/12/17","7 Above","ctrl",4,0.36,"ctrl","tric_mg_dm",0,0.01
"212","06/12/17","8 Below","ctrl",4,0.36,"ctrl","tric_mg_dm",0,0.01
"213","06/12/17","1 Below","ctrl",4,0.36,"ctrl","tric_mg_dm",0,0.01
"214","06/12/17","6 Below","ctrl",4,0.36,"ctrl","tric_mg_dm",0,0.01
"215","06/12/17","4 Below","ctrl",4,0.36,"ctrl","tric_mg_dm",0,0.01
"216","06/12/17","8 Above","ctrl",4,0.36,"ctrl","tric_mg_dm",0,0.01
"217","06/12/17","2 Above","ctrl",4,0.36,"ctrl","tric_mg_dm",0,0.01
"218","06/12/17","9 Below","ctrl",4,0.36,"ctrl","tric_mg_dm",0,0.01
"219","06/12/17","6 Above","exc",4,0.36,"exc","tric_mg_dm",0,0.01
"220","06/12/17","9 Above","exc",4,0.36,"exc","tric_mg_dm",0,0.01
"221","06/12/17","1 Above","exc",4,0.36,"exc","tric_mg_dm",0,0.01
"222","06/12/17","5 Above","exc",4,0.36,"exc","tric_mg_dm",0,0.01
"223","06/12/17","3 Above","exc",4,0.36,"exc","tric_mg_dm",0,0.01
"224","06/12/17","3 Below","exc",4,0.36,"exc","tric_mg_dm",0,0.01
"225","06/12/17","7 Below","exc",4,0.36,"exc","tric_mg_dm",0,0.01
"226","06/12/17","2 Below","exc",4,0.36,"exc","tric_mg_dm",0,0.01
"227","06/12/17","5 Below","exc",4,0.36,"exc","tric_mg_dm",0,0.01
"228","06/16/17","4 Above","ctrl",3,0.36,"ctrl","tric_mg_dm",0,0.01
"229","06/16/17","10 Above","ctrl",3,0.36,"ctrl","tric_mg_dm",0,0.01
"230","06/16/17","7 Above","ctrl",3,0.36,"ctrl","tric_mg_dm",0,0.01
"231","06/16/17","10 Below","ctrl",3,0.36,"ctrl","tric_mg_dm",0,0.01
"232","06/16/17","1 Below","ctrl",3,0.36,"ctrl","tric_mg_dm",0,0.01
"233","06/16/17","6 Below","ctrl",3,0.36,"ctrl","tric_mg_dm",0,0.01
"234","06/16/17","8 Below","ctrl",3,0.36,"ctrl","tric_mg_dm",0,0.01
"235","06/16/17","4 Below","ctrl",3,0.36,"ctrl","tric_mg_dm",0,0.01
"236","06/16/17","2 Above","ctrl",3,0.36,"ctrl","tric_mg_dm",0,0.01
"237","06/16/17","8 Above","ctrl",3,0.36,"ctrl","tric_mg_dm",0,0.01
"238","06/16/17","9 Below","ctrl",3,0.36,"ctrl","tric_mg_dm",0,0.01
"239","06/16/17","1 Above","exc",3,0.36,"exc","tric_mg_dm",0,0.01
"240","06/16/17","9 Above","exc",3,0.36,"exc","tric_mg_dm",0,0.01
"241","06/16/17","6 Above","exc",3,0.36,"exc","tric_mg_dm",0,0.01
"242","06/16/17","5 Above","exc",3,0.36,"exc","tric_mg_dm",0,0.01
"243","06/16/17","3 Above","exc",3,0.36,"exc","tric_mg_dm",0,0.01
"244","06/16/17","3 Below","exc",3,0.36,"exc","tric_mg_dm",0,0.01
"245","06/16/17","7 Below","exc",3,0.36,"exc","tric_mg_dm",0,0.01
"246","06/16/17","5 Below","exc",3,0.36,"exc","tric_mg_dm",0,0.01
"247","06/16/17","2 Below","exc",3,0.36,"exc","tric_mg_dm",0,0.01
"248","06/23/17","10 Above","ctrl",4,0.36,"ctrl","tric_mg_dm",0,0.01
"249","06/23/17","4 Above","ctrl",4,0.36,"ctrl","tric_mg_dm",0,0.01
"250","06/23/17","7 Above","ctrl",4,0.36,"ctrl","tric_mg_dm",0.8,0.565555555555556
"251","06/23/17","10 Below","ctrl",4,0.36,"ctrl","tric_mg_dm",0,0.01
"252","06/23/17","1 Below","ctrl",4,0.36,"ctrl","tric_mg_dm",0,0.01
"253","06/23/17","8 Below","ctrl",4,0.36,"ctrl","tric_mg_dm",0,0.01
"254","06/23/17","4 Below","ctrl",4,0.36,"ctrl","tric_mg_dm",0,0.01
"255","06/23/17","6 Below","ctrl",4,0.36,"ctrl","tric_mg_dm",0,0.01
"256","06/23/17","2 Above","ctrl",4,0.36,"ctrl","tric_mg_dm",0,0.01
"257","06/23/17","8 Above","ctrl",4,0.36,"ctrl","tric_mg_dm",0,0.01
"258","06/23/17","9 Below","ctrl",4,0.36,"ctrl","tric_mg_dm",0,0.01
"259","06/23/17","1 Above","exc",4,0.36,"exc","tric_mg_dm",0,0.01
"260","06/23/17","9 Above","exc",4,0.36,"exc","tric_mg_dm",0,0.01
"261","06/23/17","6 Above","exc",4,0.36,"exc","tric_mg_dm",0,0.01
"262","06/23/17","5 Above","exc",4,0.36,"exc","tric_mg_dm",0,0.01
"263","06/23/17","3 Above","exc",4,0.36,"exc","tric_mg_dm",0,0.01
"264","06/23/17","3 Below","exc",4,0.36,"exc","tric_mg_dm",0,0.01
"265","06/23/17","7 Below","exc",4,0.36,"exc","tric_mg_dm",0,0.01
"266","06/23/17","5 Below","exc",4,0.36,"exc","tric_mg_dm",0,0.01
"267","06/23/17","2 Below","exc",4,0.36,"exc","tric_mg_dm",0,0.01
"268","05/28/17","4 Above","ctrl",4,0.36,"ctrl","odo_mg_dm",0,0.01
"269","05/28/17","4 Below","ctrl",4,0.36,"ctrl","odo_mg_dm",0,0.01
"270","05/28/17","1 Below","ctrl",4,0.36,"ctrl","odo_mg_dm",0,0.01
"271","05/28/17","2 Above","ctrl",4,0.36,"ctrl","odo_mg_dm",0,0.01
"272","05/28/17","1 Above","exc",4,0.36,"ctrl","odo_mg_dm",0,0.01
"273","05/28/17","5 Above","exc",4,0.36,"ctrl","odo_mg_dm",0,0.01
"274","05/28/17","3 Above","exc",4,0.36,"ctrl","odo_mg_dm",0,0.01
"275","05/28/17","5 Below","exc",4,0.36,"ctrl","odo_mg_dm",0,0.01
"276","05/28/17","3 Below","exc",4,0.36,"ctrl","odo_mg_dm",0,0.01
"277","05/28/17","2 Below","exc",4,0.36,"ctrl","odo_mg_dm",0,0.01
"278","06/06/17","4 Above","ctrl",4,0.36,"ctrl","odo_mg_dm",0,0.01
"279","06/06/17","10 Above","ctrl",4,0.36,"ctrl","odo_mg_dm",0,0.01
"280","06/06/17","7 Above","ctrl",4,0.36,"ctrl","odo_mg_dm",0,0.01
"281","06/06/17","10 Below","ctrl",4,0.36,"ctrl","odo_mg_dm",0,0.01
"282","06/06/17","6 Below","ctrl",4,0.36,"ctrl","odo_mg_dm",0,0.01
"283","06/06/17","4 Below","ctrl",4,0.36,"ctrl","odo_mg_dm",0,0.01
"284","06/06/17","1 Below","ctrl",4,0.36,"ctrl","odo_mg_dm",0,0.01
"285","06/06/17","8 Below","ctrl",4,0.36,"ctrl","odo_mg_dm",0,0.01
"286","06/06/17","8 Above","ctrl",4,0.36,"ctrl","odo_mg_dm",0,0.01
"287","06/06/17","2 Above","ctrl",4,0.36,"ctrl","odo_mg_dm",6.2,4.31555555555556
"288","06/06/17","9 Below","ctrl",4,0.36,"ctrl","odo_mg_dm",0,0.01
"289","06/06/17","5 Above","exc",4,0.36,"exc","odo_mg_dm",0,0.01
"290","06/06/17","1 Above","exc",4,0.36,"exc","odo_mg_dm",0,0.01
"291","06/06/17","6 Above","exc",4,0.36,"exc","odo_mg_dm",0,0.01
"292","06/06/17","3 Above","exc",4,0.36,"exc","odo_mg_dm",0,0.01
"293","06/06/17","9 Above","exc",4,0.36,"exc","odo_mg_dm",0,0.01
"294","06/06/17","2 Below","exc",4,0.36,"exc","odo_mg_dm",0,0.01
"295","06/06/17","5 Below","exc",4,0.36,"exc","odo_mg_dm",0,0.01
"296","06/06/17","7 Below","exc",4,0.36,"exc","odo_mg_dm",0,0.01
"297","06/06/17","3 Below","exc",4,0.36,"exc","odo_mg_dm",0,0.01
"298","06/12/17","4 Above","ctrl",4,0.36,"ctrl","odo_mg_dm",0,0.01
"299","06/12/17","10 Above","ctrl",4,0.36,"ctrl","odo_mg_dm",0,0.01
"300","06/12/17","7 Above","ctrl",4,0.36,"ctrl","odo_mg_dm",0,0.01
"301","06/12/17","8 Below","ctrl",4,0.36,"ctrl","odo_mg_dm",0,0.01
"302","06/12/17","1 Below","ctrl",4,0.36,"ctrl","odo_mg_dm",0,0.01
"303","06/12/17","6 Below","ctrl",4,0.36,"ctrl","odo_mg_dm",0,0.01
"304","06/12/17","4 Below","ctrl",4,0.36,"ctrl","odo_mg_dm",0,0.01
"305","06/12/17","8 Above","ctrl",4,0.36,"ctrl","odo_mg_dm",0,0.01
"306","06/12/17","2 Above","ctrl",4,0.36,"ctrl","odo_mg_dm",0,0.01
"307","06/12/17","9 Below","ctrl",4,0.36,"ctrl","odo_mg_dm",0,0.01
"308","06/12/17","6 Above","exc",4,0.36,"exc","odo_mg_dm",0,0.01
"309","06/12/17","9 Above","exc",4,0.36,"exc","odo_mg_dm",0,0.01
"310","06/12/17","1 Above","exc",4,0.36,"exc","odo_mg_dm",0,0.01
"311","06/12/17","5 Above","exc",4,0.36,"exc","odo_mg_dm",0,0.01
"312","06/12/17","3 Above","exc",4,0.36,"exc","odo_mg_dm",0,0.01
"313","06/12/17","3 Below","exc",4,0.36,"exc","odo_mg_dm",0,0.01
"314","06/12/17","7 Below","exc",4,0.36,"exc","odo_mg_dm",0,0.01
"315","06/12/17","2 Below","exc",4,0.36,"exc","odo_mg_dm",0,0.01
"316","06/12/17","5 Below","exc",4,0.36,"exc","odo_mg_dm",0,0.01
"317","06/16/17","4 Above","ctrl",3,0.36,"ctrl","odo_mg_dm",0,0.01
"318","06/16/17","10 Above","ctrl",3,0.36,"ctrl","odo_mg_dm",0,0.01
"319","06/16/17","7 Above","ctrl",3,0.36,"ctrl","odo_mg_dm",0,0.01
"320","06/16/17","10 Below","ctrl",3,0.36,"ctrl","odo_mg_dm",0,0.01
"321","06/16/17","1 Below","ctrl",3,0.36,"ctrl","odo_mg_dm",0,0.01
"322","06/16/17","6 Below","ctrl",3,0.36,"ctrl","odo_mg_dm",0,0.01
"323","06/16/17","8 Below","ctrl",3,0.36,"ctrl","odo_mg_dm",0,0.01
"324","06/16/17","4 Below","ctrl",3,0.36,"ctrl","odo_mg_dm",0,0.01
"325","06/16/17","2 Above","ctrl",3,0.36,"ctrl","odo_mg_dm",0,0.01
"326","06/16/17","8 Above","ctrl",3,0.36,"ctrl","odo_mg_dm",0,0.01
"327","06/16/17","9 Below","ctrl",3,0.36,"ctrl","odo_mg_dm",0,0.01
"328","06/16/17","1 Above","exc",3,0.36,"exc","odo_mg_dm",0,0.01
"329","06/16/17","9 Above","exc",3,0.36,"exc","odo_mg_dm",0,0.01
"330","06/16/17","6 Above","exc",3,0.36,"exc","odo_mg_dm",0,0.01
"331","06/16/17","5 Above","exc",3,0.36,"exc","odo_mg_dm",0,0.01
"332","06/16/17","3 Above","exc",3,0.36,"exc","odo_mg_dm",0,0.01
"333","06/16/17","3 Below","exc",3,0.36,"exc","odo_mg_dm",0,0.01
"334","06/16/17","7 Below","exc",3,0.36,"exc","odo_mg_dm",0,0.01
"335","06/16/17","5 Below","exc",3,0.36,"exc","odo_mg_dm",0,0.01
"336","06/16/17","2 Below","exc",3,0.36,"exc","odo_mg_dm",0,0.01
"337","06/23/17","10 Above","ctrl",4,0.36,"ctrl","odo_mg_dm",0,0.01
"338","06/23/17","4 Above","ctrl",4,0.36,"ctrl","odo_mg_dm",0,0.01
"339","06/23/17","7 Above","ctrl",4,0.36,"ctrl","odo_mg_dm",0,0.01
"340","06/23/17","10 Below","ctrl",4,0.36,"ctrl","odo_mg_dm",0,0.01
"341","06/23/17","1 Below","ctrl",4,0.36,"ctrl","odo_mg_dm",0,0.01
"342","06/23/17","8 Below","ctrl",4,0.36,"ctrl","odo_mg_dm",0,0.01
"343","06/23/17","4 Below","ctrl",4,0.36,"ctrl","odo_mg_dm",0,0.01
"344","06/23/17","6 Below","ctrl",4,0.36,"ctrl","odo_mg_dm",0,0.01
"345","06/23/17","2 Above","ctrl",4,0.36,"ctrl","odo_mg_dm",0,0.01
"346","06/23/17","8 Above","ctrl",4,0.36,"ctrl","odo_mg_dm",0,0.01
"347","06/23/17","9 Below","ctrl",4,0.36,"ctrl","odo_mg_dm",0,0.01
"348","06/23/17","1 Above","exc",4,0.36,"exc","odo_mg_dm",0,0.01
"349","06/23/17","9 Above","exc",4,0.36,"exc","odo_mg_dm",0,0.01
"350","06/23/17","6 Above","exc",4,0.36,"exc","odo_mg_dm",0,0.01
"351","06/23/17","5 Above","exc",4,0.36,"exc","odo_mg_dm",0,0.01
"352","06/23/17","3 Above","exc",4,0.36,"exc","odo_mg_dm",0,0.01
"353","06/23/17","3 Below","exc",4,0.36,"exc","odo_mg_dm",0,0.01
"354","06/23/17","7 Below","exc",4,0.36,"exc","odo_mg_dm",0,0.01
"355","06/23/17","5 Below","exc",4,0.36,"exc","odo_mg_dm",0,0.01
"356","06/23/17","2 Below","exc",4,0.36,"exc","odo_mg_dm",0,0.01
"357","05/28/17","4 Above","ctrl",4,0.36,"ctrl","ephem_mg_dm",0,0.01
"358","05/28/17","4 Below","ctrl",4,0.36,"ctrl","ephem_mg_dm",0,0.01
"359","05/28/17","1 Below","ctrl",4,0.36,"ctrl","ephem_mg_dm",0,0.01
"360","05/28/17","2 Above","ctrl",4,0.36,"ctrl","ephem_mg_dm",0,0.01
"361","05/28/17","1 Above","exc",4,0.36,"ctrl","ephem_mg_dm",0,0.01
"362","05/28/17","5 Above","exc",4,0.36,"ctrl","ephem_mg_dm",0,0.01
"363","05/28/17","3 Above","exc",4,0.36,"ctrl","ephem_mg_dm",0,0.01
"364","05/28/17","5 Below","exc",4,0.36,"ctrl","ephem_mg_dm",0,0.01
"365","05/28/17","3 Below","exc",4,0.36,"ctrl","ephem_mg_dm",0,0.01
"366","05/28/17","2 Below","exc",4,0.36,"ctrl","ephem_mg_dm",0,0.01
"367","06/06/17","4 Above","ctrl",4,0.36,"ctrl","ephem_mg_dm",0,0.01
"368","06/06/17","10 Above","ctrl",4,0.36,"ctrl","ephem_mg_dm",0,0.01
"369","06/06/17","7 Above","ctrl",4,0.36,"ctrl","ephem_mg_dm",0,0.01
"370","06/06/17","10 Below","ctrl",4,0.36,"ctrl","ephem_mg_dm",0,0.01
"371","06/06/17","6 Below","ctrl",4,0.36,"ctrl","ephem_mg_dm",0,0.01
"372","06/06/17","4 Below","ctrl",4,0.36,"ctrl","ephem_mg_dm",0,0.01
"373","06/06/17","1 Below","ctrl",4,0.36,"ctrl","ephem_mg_dm",0,0.01
"374","06/06/17","8 Below","ctrl",4,0.36,"ctrl","ephem_mg_dm",0,0.01
"375","06/06/17","8 Above","ctrl",4,0.36,"ctrl","ephem_mg_dm",0,0.01
"376","06/06/17","2 Above","ctrl",4,0.36,"ctrl","ephem_mg_dm",0,0.01
"377","06/06/17","9 Below","ctrl",4,0.36,"ctrl","ephem_mg_dm",0,0.01
"378","06/06/17","5 Above","exc",4,0.36,"exc","ephem_mg_dm",0,0.01
"379","06/06/17","1 Above","exc",4,0.36,"exc","ephem_mg_dm",0,0.01
"380","06/06/17","6 Above","exc",4,0.36,"exc","ephem_mg_dm",0,0.01
"381","06/06/17","3 Above","exc",4,0.36,"exc","ephem_mg_dm",0,0.01
"382","06/06/17","9 Above","exc",4,0.36,"exc","ephem_mg_dm",0,0.01
"383","06/06/17","2 Below","exc",4,0.36,"exc","ephem_mg_dm",0,0.01
"384","06/06/17","5 Below","exc",4,0.36,"exc","ephem_mg_dm",0,0.01
"385","06/06/17","7 Below","exc",4,0.36,"exc","ephem_mg_dm",0,0.01
"386","06/06/17","3 Below","exc",4,0.36,"exc","ephem_mg_dm",0,0.01
"387","06/12/17","4 Above","ctrl",4,0.36,"ctrl","ephem_mg_dm",0,0.01
"388","06/12/17","10 Above","ctrl",4,0.36,"ctrl","ephem_mg_dm",0,0.01
"389","06/12/17","7 Above","ctrl",4,0.36,"ctrl","ephem_mg_dm",0,0.01
"390","06/12/17","8 Below","ctrl",4,0.36,"ctrl","ephem_mg_dm",0,0.01
"391","06/12/17","1 Below","ctrl",4,0.36,"ctrl","ephem_mg_dm",0,0.01
"392","06/12/17","6 Below","ctrl",4,0.36,"ctrl","ephem_mg_dm",0,0.01
"393","06/12/17","4 Below","ctrl",4,0.36,"ctrl","ephem_mg_dm",0,0.01
"394","06/12/17","8 Above","ctrl",4,0.36,"ctrl","ephem_mg_dm",0,0.01
"395","06/12/17","2 Above","ctrl",4,0.36,"ctrl","ephem_mg_dm",0,0.01
"396","06/12/17","9 Below","ctrl",4,0.36,"ctrl","ephem_mg_dm",0,0.01
"397","06/12/17","6 Above","exc",4,0.36,"exc","ephem_mg_dm",0,0.01
"398","06/12/17","9 Above","exc",4,0.36,"exc","ephem_mg_dm",0,0.01
"399","06/12/17","1 Above","exc",4,0.36,"exc","ephem_mg_dm",0,0.01
"400","06/12/17","5 Above","exc",4,0.36,"exc","ephem_mg_dm",0,0.01
"401","06/12/17","3 Above","exc",4,0.36,"exc","ephem_mg_dm",0,0.01
"402","06/12/17","3 Below","exc",4,0.36,"exc","ephem_mg_dm",0,0.01
"403","06/12/17","7 Below","exc",4,0.36,"exc","ephem_mg_dm",0,0.01
"404","06/12/17","2 Below","exc",4,0.36,"exc","ephem_mg_dm",0,0.01
"405","06/12/17","5 Below","exc",4,0.36,"exc","ephem_mg_dm",0,0.01
"406","06/16/17","4 Above","ctrl",3,0.36,"ctrl","ephem_mg_dm",0,0.01
"407","06/16/17","10 Above","ctrl",3,0.36,"ctrl","ephem_mg_dm",0,0.01
"408","06/16/17","7 Above","ctrl",3,0.36,"ctrl","ephem_mg_dm",0,0.01
"409","06/16/17","10 Below","ctrl",3,0.36,"ctrl","ephem_mg_dm",0,0.01
"410","06/16/17","1 Below","ctrl",3,0.36,"ctrl","ephem_mg_dm",0,0.01
"411","06/16/17","6 Below","ctrl",3,0.36,"ctrl","ephem_mg_dm",0,0.01
"412","06/16/17","8 Below","ctrl",3,0.36,"ctrl","ephem_mg_dm",0,0.01
"413","06/16/17","4 Below","ctrl",3,0.36,"ctrl","ephem_mg_dm",0,0.01
"414","06/16/17","2 Above","ctrl",3,0.36,"ctrl","ephem_mg_dm",0,0.01
"415","06/16/17","8 Above","ctrl",3,0.36,"ctrl","ephem_mg_dm",0,0.01
"416","06/16/17","9 Below","ctrl",3,0.36,"ctrl","ephem_mg_dm",0,0.01
"417","06/16/17","1 Above","exc",3,0.36,"exc","ephem_mg_dm",0,0.01
"418","06/16/17","9 Above","exc",3,0.36,"exc","ephem_mg_dm",0,0.01
"419","06/16/17","6 Above","exc",3,0.36,"exc","ephem_mg_dm",0,0.01
"420","06/16/17","5 Above","exc",3,0.36,"exc","ephem_mg_dm",0,0.01
"421","06/16/17","3 Above","exc",3,0.36,"exc","ephem_mg_dm",0,0.01
"422","06/16/17","3 Below","exc",3,0.36,"exc","ephem_mg_dm",0,0.01
"423","06/16/17","7 Below","exc",3,0.36,"exc","ephem_mg_dm",0,0.01
"424","06/16/17","5 Below","exc",3,0.36,"exc","ephem_mg_dm",0,0.01
"425","06/16/17","2 Below","exc",3,0.36,"exc","ephem_mg_dm",0,0.01
"426","06/23/17","10 Above","ctrl",4,0.36,"ctrl","ephem_mg_dm",0,0.01
"427","06/23/17","4 Above","ctrl",4,0.36,"ctrl","ephem_mg_dm",0,0.01
"428","06/23/17","7 Above","ctrl",4,0.36,"ctrl","ephem_mg_dm",0,0.01
"429","06/23/17","10 Below","ctrl",4,0.36,"ctrl","ephem_mg_dm",0,0.01
"430","06/23/17","1 Below","ctrl",4,0.36,"ctrl","ephem_mg_dm",0,0.01
"431","06/23/17","8 Below","ctrl",4,0.36,"ctrl","ephem_mg_dm",0,0.01
"432","06/23/17","4 Below","ctrl",4,0.36,"ctrl","ephem_mg_dm",0,0.01
"433","06/23/17","6 Below","ctrl",4,0.36,"ctrl","ephem_mg_dm",0,0.01
"434","06/23/17","2 Above","ctrl",4,0.36,"ctrl","ephem_mg_dm",0,0.01
"435","06/23/17","8 Above","ctrl",4,0.36,"ctrl","ephem_mg_dm",0,0.01
"436","06/23/17","9 Below","ctrl",4,0.36,"ctrl","ephem_mg_dm",0,0.01
"437","06/23/17","1 Above","exc",4,0.36,"exc","ephem_mg_dm",0,0.01
"438","06/23/17","9 Above","exc",4,0.36,"exc","ephem_mg_dm",0,0.01
"439","06/23/17","6 Above","exc",4,0.36,"exc","ephem_mg_dm",0,0.01
"440","06/23/17","5 Above","exc",4,0.36,"exc","ephem_mg_dm",0,0.01
"441","06/23/17","3 Above","exc",4,0.36,"exc","ephem_mg_dm",1.1,0.773888888888889
"442","06/23/17","3 Below","exc",4,0.36,"exc","ephem_mg_dm",0,0.01
"443","06/23/17","7 Below","exc",4,0.36,"exc","ephem_mg_dm",0,0.01
"444","06/23/17","5 Below","exc",4,0.36,"exc","ephem_mg_dm",0,0.01
"445","06/23/17","2 Below","exc",4,0.36,"exc","ephem_mg_dm",0,0.01
